line_no,work_shift,worker_years,work_min,temp_c,humid_percent,gauge_a,gauge_b,gauge_c,is_defect
2호기,낮,13,28.7,25.9,37.5,93.93,209.45,47.42,0
3호기,낮,10,25.2,22.9,65.6,108.39,179.49,53.08,0
2호기,낮,3,33.2,20.5,40.1,97.32,209.50,42.89,0
2호기,밤,15,36.5,23.0,42.2,89.91,191.20,46.96,0
1호기,낮,6,30.6,25.1,48.9,91.41,177.77,60.03,0
2호기,밤,3,20.3,27.1,44.3,119.00,204.61,33.64,0
3호기,낮,13,30.4,25.3,32.3,100.42,225.15,53.58,0
1호기,밤,,30.5,27.5,26.5,97.67,206.65,51.37,0
1호기,낮,10,32.0,26.2,56.1,96.81,214.11,57.42,0
2호기,낮,7,29.6,27.1,54.8,99.65,198.64,46.79,0
3호기,밤,14,27.1,22.0,49.5,114.47,237.25,48.67,0
3호기,밤,2,33.0,22.2,37.6,96.71,193.56,51.63,0
3호기,밤,13,28.8,26.4,42.8,95.12,203.47,57.38,0
2호기,낮,1,38.0,22.8,44.7,98.48,194.80,40.25,0
2호기,밤,6,16.8,27.4,53.5,121.42,191.29,43.90,0
1호기,밤,15,28.8,28.7,52.5,98.39,185.14,53.33,0
2호기,밤,2,27.9,27.0,40.7,80.96,201.49,52.02,0
3호기,밤,11,31.0,24.0,49.7,101.69,221.17,52.10,0
2호기,밤,3,25.8,27.3,30.0,96.46,173.47,56.46,0
2호기,밤,16,20.9,27.4,58.8,101.43,166.32,45.71,0
1호기,낮,,41.1,27.8,67.9,103.02,216.52,49.19,0
3호기,밤,15,31.7,20.1,61.4,118.71,228.32,53.61,0
1호기,낮,6,33.1,20.6,48.5,110.70,206.47,52.97,0
3호기,밤,0,34.8,29.7,50.9,90.74,183.34,55.54,0
2호기,밤,16,24.7,30.6,39.9,105.21,189.37,49.11,0
1호기,밤,4,29.5,26.2,59.6,102.89,239.73,58.66,0
2호기,낮,,18.2,23.9,65.1,122.58,191.74,49.67,0
1호기,낮,13,27.7,30.0,42.7,91.49,186.44,46.85,0
1호기,밤,8,27.2,24.1,40.4,108.08,187.33,48.05,0
1호기,밤,9,27.2,20.4,48.4,78.25,188.65,50.97,0
2호기,낮,0,31.8,23.5,40.7,118.50,205.28,46.94,0
2호기,낮,16,27.9,16.9,57.5,87.88,192.95,48.36,0
2호기,밤,1,30.1,23.8,56.4,98.98,200.73,48.13,0
3호기,밤,11,31.8,24.4,50.5,107.90,202.40,53.84,0
3호기,밤,6,29.8,21.6,47.5,104.40,185.76,48.06,0
1호기,밤,12,25.3,24.2,32.6,105.12,196.95,60.76,0
1호기,낮,3,29.9,29.0,52.9,96.23,205.94,54.01,0
1호기,낮,9,24.9,24.2,61.7,96.01,212.74,48.91,0
3호기,밤,3,26.2,29.0,42.7,98.85,190.63,51.01,0
3호기,밤,8,30.9,26.1,47.8,91.50,210.84,57.49,0
3호기,낮,5,28.5,25.9,41.4,76.72,185.97,54.23,0
2호기,낮,9,29.3,22.5,19.9,91.21,192.15,53.53,0
3호기,밤,0,34.1,20.7,43.1,99.70,184.09,58.09,0
2호기,밤,6,28.3,26.3,66.8,106.79,213.12,44.79,0
1호기,낮,0,29.3,30.3,66.4,86.73,163.15,54.36,0
1호기,밤,6,33.3,30.2,31.9,90.39,194.27,51.96,0
2호기,밤,8,23.6,28.8,48.4,100.53,204.79,38.76,0
2호기,밤,11,30.7,20.2,58.0,100.62,227.03,50.06,0
1호기,밤,14,32.0,19.8,50.1,97.98,208.64,49.66,0
3호기,밤,6,13.9,26.0,55.3,106.27,201.22,54.24,0
3호기,밤,3,34.5,19.1,50.0,108.78,199.36,49.39,0
2호기,밤,15,32.9,24.1,51.2,91.60,189.78,56.35,0
1호기,낮,15,29.6,21.9,42.5,103.36,178.08,55.07,0
2호기,밤,4,27.1,27.0,38.9,101.14,213.11,57.23,0
1호기,낮,14,25.9,24.0,39.2,94.69,178.13,53.73,0
2호기,밤,16,31.2,25.9,45.6,102.08,227.55,48.07,0
1호기,밤,14,28.8,23.0,44.8,112.00,191.02,52.81,0
2호기,낮,10,30.3,26.8,53.6,106.38,210.49,54.75,0
3호기,밤,16,32.6,21.7,49.3,102.41,190.48,50.07,0
2호기,낮,1,30.2,28.0,54.0,80.73,231.22,46.42,0
2호기,밤,1,32.2,25.0,56.6,99.31,215.71,64.67,0
2호기,낮,7,30.7,21.3,49.8,106.20,191.73,47.26,0
1호기,밤,5,27.4,24.7,61.1,81.44,191.29,52.68,0
2호기,밤,2,27.9,30.6,48.3,98.09,219.03,49.51,0
1호기,밤,10,28.1,24.9,56.1,84.76,180.37,54.55,0
3호기,밤,0,37.1,22.1,39.1,77.30,187.31,55.49,0
1호기,낮,15,31.3,22.6,40.5,92.34,224.21,47.45,0
3호기,밤,8,22.0,28.2,59.5,92.51,178.63,46.99,0
1호기,밤,11,29.8,27.3,55.4,93.97,213.51,50.53,0
3호기,낮,2,28.8,26.3,39.7,97.34,224.19,50.35,0
1호기,낮,3,26.0,23.8,62.7,102.84,188.18,50.62,0
2호기,밤,3,26.1,24.8,58.2,70.95,204.71,43.18,0
2호기,밤,2,,24.6,47.1,107.51,187.48,43.50,0
3호기,밤,0,35.2,17.7,56.8,104.76,202.33,43.67,0
2호기,낮,15,41.0,28.9,44.7,78.55,203.67,54.13,0
1호기,밤,8,24.6,28.6,59.0,89.56,227.71,46.25,0
2호기,낮,13,33.1,23.6,63.6,96.78,191.90,46.49,0
1호기,낮,2,27.5,22.6,45.4,99.90,214.40,47.50,0
1호기,밤,9,35.1,29.6,53.4,112.07,175.40,43.45,0
3호기,밤,10,23.3,29.2,63.5,113.15,200.91,57.11,0
2호기,낮,0,31.0,31.6,35.6,90.18,210.02,55.15,0
1호기,밤,13,31.1,24.4,43.4,106.47,179.34,49.65,0
2호기,낮,16,26.1,32.6,48.4,85.98,221.69,46.58,0
3호기,낮,7,31.1,26.8,53.9,106.39,186.64,44.61,0
3호기,낮,8,24.3,25.6,49.6,104.31,224.77,47.23,0
1호기,밤,0,24.7,26.5,54.1,103.79,193.34,61.05,0
2호기,낮,4,36.4,21.1,52.7,105.29,196.37,51.45,0
3호기,낮,12,25.7,24.7,22.8,98.69,247.55,55.24,0
1호기,밤,13,36.4,25.9,53.1,82.39,156.17,44.10,0
3호기,낮,13,30.2,20.4,47.0,91.63,216.87,50.29,0
1호기,밤,4,38.6,21.8,30.4,90.30,216.65,50.70,0
2호기,낮,10,22.0,29.3,53.7,92.29,203.49,41.81,0
3호기,낮,16,27.3,27.6,50.7,87.31,184.50,46.82,0
2호기,낮,13,29.3,29.4,47.9,106.12,206.93,53.94,0
2호기,밤,10,29.5,30.6,44.0,110.52,220.60,46.04,0
2호기,낮,3,25.8,21.4,48.2,108.89,168.76,45.28,0
3호기,낮,8,29.6,24.2,46.8,92.77,192.85,50.07,0
3호기,낮,7,34.3,24.2,49.9,115.73,178.20,55.30,0
1호기,낮,9,25.8,22.9,42.3,105.98,206.83,52.43,0
1호기,낮,14,33.8,25.6,49.4,116.44,208.28,42.36,0
1호기,낮,0,33.0,22.5,38.8,112.90,207.02,49.87,0
2호기,낮,0,21.8,19.6,63.7,88.18,177.91,45.21,0
2호기,밤,9,35.3,25.4,52.9,93.85,201.05,55.89,0
1호기,낮,3,29.7,28.2,53.9,99.32,200.23,59.93,0
1호기,낮,6,29.0,27.0,67.6,99.86,222.75,48.75,0
2호기,밤,1,42.0,33.0,53.8,117.72,185.58,46.14,1
3호기,낮,15,32.4,21.2,44.1,107.40,197.93,36.62,0
3호기,밤,1,27.2,23.7,52.6,107.17,203.93,55.35,0
1호기,밤,7,26.9,25.8,52.6,98.85,210.49,59.60,0
2호기,밤,2,26.1,25.9,37.8,98.97,203.49,48.25,0
2호기,낮,12,34.4,24.4,54.5,108.16,209.99,54.95,0
1호기,낮,4,27.9,23.3,45.5,94.12,185.54,43.71,0
2호기,낮,9,25.5,29.3,33.6,101.73,171.50,50.43,0
1호기,낮,0,28.3,28.8,47.9,111.86,199.91,52.14,0
2호기,낮,16,29.2,21.5,43.4,97.96,184.81,45.72,0
1호기,낮,6,30.4,25.7,48.7,126.60,175.53,49.66,0
1호기,밤,0,,21.8,53.5,96.90,210.49,44.50,0
1호기,밤,11,30.0,25.4,43.1,77.42,225.33,56.70,0
3호기,밤,8,37.8,20.9,40.6,107.36,165.51,50.53,0
1호기,밤,1,32.6,22.2,59.7,100.26,217.07,47.02,0
2호기,낮,9,30.0,29.1,36.1,102.00,190.07,46.99,0
1호기,밤,1,26.4,24.1,44.9,104.24,171.13,46.35,0
1호기,낮,13,25.7,25.1,57.8,93.44,187.65,51.24,0
1호기,낮,1,29.8,27.3,62.9,118.23,203.40,45.47,0
3호기,낮,11,16.5,20.2,64.4,103.12,190.74,45.91,0
2호기,밤,4,32.9,25.1,51.2,100.56,219.82,49.79,0
3호기,낮,10,27.4,25.0,59.0,91.12,190.19,51.16,0
3호기,밤,2,22.1,22.1,48.7,79.51,173.79,52.96,1
2호기,낮,9,40.4,26.0,34.6,90.40,210.87,54.46,0
2호기,밤,5,34.8,25.3,61.9,107.16,201.82,47.87,0
3호기,밤,1,30.2,31.8,15.0,99.56,203.68,43.86,0
2호기,낮,,25.6,23.3,42.5,86.31,181.62,47.45,0
2호기,낮,9,26.8,30.2,29.1,110.68,226.29,51.03,0
2호기,밤,6,24.0,26.9,44.4,88.30,185.37,43.04,0
3호기,밤,16,25.9,26.6,30.9,112.86,201.07,55.44,0
2호기,밤,3,32.2,20.6,44.1,91.76,227.68,57.74,0
2호기,낮,3,24.7,23.3,43.3,108.40,170.95,48.98,0
1호기,밤,2,32.9,22.9,56.4,94.33,179.54,52.41,0
3호기,낮,11,41.5,24.7,39.9,96.50,174.03,54.71,0
3호기,낮,9,28.3,27.5,30.4,106.94,183.50,55.15,0
2호기,낮,1,25.5,23.6,61.1,104.19,248.33,46.37,0
1호기,낮,8,28.6,24.4,52.4,100.04,154.94,51.82,0
1호기,낮,9,30.4,25.0,44.3,98.63,224.07,47.15,0
3호기,낮,5,34.6,22.7,49.9,103.43,183.69,51.94,0
1호기,낮,15,,22.9,52.9,109.35,191.29,49.04,0
2호기,밤,6,30.3,23.6,47.5,90.97,206.89,46.84,0
2호기,밤,10,26.6,29.8,65.3,88.51,202.90,37.90,0
2호기,밤,16,34.8,28.9,51.6,100.66,187.85,42.81,0
2호기,밤,12,33.0,25.9,50.3,98.72,209.19,53.38,0
1호기,밤,2,40.9,24.7,48.5,87.28,187.25,51.85,0
3호기,밤,1,20.5,24.2,26.9,105.05,208.45,53.81,0
2호기,낮,12,26.8,20.8,47.8,118.87,201.98,61.47,0
1호기,낮,12,25.1,23.7,59.0,107.36,214.90,48.36,0
2호기,밤,13,29.5,28.3,65.2,80.86,189.25,54.72,0
2호기,밤,11,28.1,25.0,62.0,101.73,175.38,47.23,0
1호기,밤,0,38.9,26.9,44.6,87.56,192.56,50.89,0
3호기,밤,5,29.0,20.9,60.1,87.72,214.46,49.81,0
2호기,밤,10,35.2,28.9,58.0,95.98,195.21,52.46,0
2호기,낮,6,23.8,25.9,43.8,83.86,197.70,45.21,0
3호기,낮,5,30.6,31.5,51.0,102.77,187.10,59.23,0
1호기,밤,12,30.2,24.8,38.1,100.28,233.09,46.53,0
1호기,밤,1,26.8,34.3,53.7,102.05,202.19,48.71,0
2호기,낮,7,30.2,29.1,57.3,86.48,184.87,44.45,0
3호기,밤,7,35.5,26.3,40.6,86.94,245.73,60.45,0
1호기,밤,1,33.1,25.6,51.5,91.04,172.08,47.97,0
1호기,밤,0,17.7,29.0,67.1,92.02,193.13,55.71,0
1호기,낮,8,25.5,25.4,74.3,83.72,181.16,55.12,0
3호기,낮,0,37.0,24.9,57.7,87.59,227.12,42.67,0
3호기,밤,9,33.1,22.7,45.0,97.46,196.95,50.18,0
1호기,밤,14,28.9,24.4,63.8,116.61,167.78,53.78,0
1호기,밤,6,,19.8,39.8,99.54,216.53,49.32,0
1호기,밤,15,37.9,26.2,26.4,97.03,185.23,50.42,0
3호기,밤,8,,22.5,52.7,93.93,240.09,43.56,0
3호기,낮,4,22.8,29.8,58.1,111.98,174.04,58.76,0
2호기,낮,4,28.7,22.0,53.4,84.43,207.89,46.43,0
1호기,낮,11,21.3,26.0,57.0,85.19,207.87,48.92,0
2호기,밤,9,31.2,31.8,50.4,122.48,192.83,54.06,1
3호기,낮,3,32.1,22.8,43.0,98.99,217.29,52.61,0
1호기,밤,13,31.1,27.9,53.9,88.83,179.35,46.04,0
1호기,밤,9,28.3,27.4,62.2,97.30,239.80,54.95,0
2호기,밤,11,25.3,25.5,62.9,105.23,204.62,45.35,0
3호기,밤,1,36.7,30.6,54.0,107.89,199.47,57.59,1
3호기,낮,3,27.0,27.4,50.8,90.39,173.69,60.01,0
3호기,낮,6,28.9,28.1,37.7,96.75,209.58,53.26,0
2호기,밤,9,42.0,22.3,37.7,114.13,228.06,50.73,0
2호기,밤,8,34.5,28.6,48.9,80.31,170.97,57.41,0
1호기,밤,4,25.1,23.1,47.9,114.86,185.40,49.59,0
2호기,낮,16,31.1,25.1,43.6,87.41,156.09,54.96,0
1호기,낮,,24.8,25.0,47.0,89.10,185.84,53.02,0
3호기,밤,10,27.8,23.9,48.7,100.39,142.05,52.86,0
2호기,낮,7,24.9,24.8,48.5,91.37,213.61,44.36,0
1호기,밤,14,28.9,25.5,59.7,94.73,194.09,57.20,0
1호기,밤,16,24.9,24.2,54.2,103.09,207.30,45.89,0
1호기,밤,8,30.7,20.4,45.0,105.05,212.92,44.68,0
2호기,낮,1,23.5,26.2,53.8,115.35,215.59,49.84,0
3호기,낮,11,23.1,25.6,55.4,104.74,208.14,54.11,0
2호기,밤,9,21.4,26.4,62.9,98.26,188.63,45.94,0
2호기,낮,14,31.9,26.4,52.8,113.85,207.84,53.60,0
1호기,밤,,26.2,28.6,33.9,116.63,185.87,41.72,0
3호기,밤,3,27.2,25.6,53.9,106.67,196.39,46.42,0
3호기,밤,16,24.8,27.3,46.3,116.55,173.35,48.90,0
3호기,낮,11,38.4,23.7,55.3,113.69,217.69,47.43,0
2호기,밤,4,36.9,24.9,53.0,88.31,196.06,48.19,0
2호기,밤,,35.0,25.2,46.1,90.04,182.44,52.61,0
2호기,낮,14,24.5,27.7,54.3,106.94,208.02,52.17,0
1호기,낮,4,36.5,26.0,37.7,100.53,234.53,54.81,0
2호기,밤,14,21.9,23.0,55.9,100.22,202.96,46.83,0
3호기,낮,5,28.4,25.8,45.9,111.03,187.11,52.65,0
2호기,밤,16,33.0,18.6,44.5,90.70,193.74,57.51,0
1호기,낮,3,24.3,25.4,51.4,107.30,219.89,35.63,0
2호기,밤,8,35.3,28.7,40.0,109.43,193.87,61.66,0
3호기,낮,9,22.1,27.7,54.6,101.45,193.24,57.81,0
2호기,밤,,32.2,26.5,58.5,116.71,210.46,50.07,0
2호기,낮,13,30.4,22.4,48.7,104.43,178.87,50.85,0
3호기,밤,13,18.0,26.5,54.7,110.92,189.85,47.08,0
1호기,낮,13,37.1,27.3,44.1,88.67,194.62,48.59,0
2호기,밤,12,40.0,27.4,45.1,107.49,226.41,51.79,0
1호기,낮,6,36.1,23.6,32.8,102.76,229.56,57.12,0
3호기,낮,8,27.5,31.3,59.7,104.75,181.09,43.02,0
1호기,밤,14,33.9,25.1,29.8,107.67,168.19,43.81,0
1호기,밤,14,29.5,22.3,59.4,75.14,225.52,39.95,0
1호기,낮,6,28.9,24.0,43.2,108.67,179.51,51.10,0
3호기,밤,12,38.3,25.3,45.2,88.47,200.86,53.21,0
3호기,낮,5,31.7,29.0,54.4,104.22,201.81,51.88,0
3호기,낮,16,19.1,21.4,58.5,93.87,201.10,52.30,0
3호기,밤,13,32.4,27.4,35.4,109.67,214.08,48.12,0
1호기,낮,13,36.2,27.2,54.8,87.93,180.23,54.69,0
1호기,낮,16,31.9,27.7,32.2,102.77,211.14,44.90,0
3호기,낮,,34.4,24.8,44.2,120.99,196.22,49.86,0
3호기,낮,14,35.2,25.6,36.8,117.07,190.48,49.28,0
1호기,낮,3,29.1,24.6,57.2,93.13,169.60,58.62,0
1호기,밤,13,31.2,34.4,57.6,88.74,223.35,42.87,0
2호기,낮,15,24.2,28.7,54.4,98.26,215.07,55.19,0
1호기,낮,13,20.2,27.0,38.4,95.77,251.88,55.40,0
2호기,밤,6,30.9,24.0,49.1,85.99,199.09,50.29,0
1호기,낮,9,26.8,19.5,51.0,104.22,211.19,48.23,0
3호기,밤,0,32.6,25.7,48.3,109.26,208.36,49.89,0
2호기,밤,16,33.8,24.0,43.2,93.31,214.69,51.84,0
2호기,밤,11,25.4,19.9,59.3,87.82,222.55,58.54,0
2호기,낮,15,36.1,27.8,59.5,100.93,206.08,54.80,0
2호기,낮,7,29.8,24.6,25.3,90.52,149.76,43.11,0
1호기,낮,5,28.2,23.2,45.4,112.68,208.58,52.06,0
1호기,밤,4,29.0,21.2,50.1,98.17,184.52,54.19,0
2호기,밤,8,29.6,21.6,52.3,108.03,189.76,47.68,0
2호기,밤,15,25.0,21.8,53.2,101.72,218.85,49.33,0
1호기,밤,0,29.8,21.7,34.8,105.86,197.51,44.41,0
3호기,밤,13,30.9,36.4,45.5,86.15,203.82,50.37,1
1호기,낮,6,27.0,25.6,41.9,88.92,192.45,53.22,0
1호기,낮,11,32.3,27.0,36.2,106.81,190.49,47.01,0
3호기,밤,2,26.3,24.0,56.6,99.24,170.65,45.96,0
3호기,밤,2,28.3,23.4,44.5,88.38,173.66,41.21,0
1호기,낮,,33.8,24.0,55.8,92.67,216.07,46.94,0
1호기,낮,6,27.2,24.2,30.5,83.33,154.95,52.78,0
1호기,낮,12,32.8,23.0,45.7,116.84,185.98,45.99,0
2호기,낮,7,29.5,26.4,46.6,103.31,176.35,44.89,0
1호기,밤,3,24.9,23.5,39.2,109.93,214.24,56.75,0
1호기,밤,0,25.4,19.0,47.8,114.13,211.60,40.74,0
2호기,밤,9,30.9,21.6,74.7,102.79,193.97,46.07,0
1호기,낮,2,20.9,27.0,46.6,94.54,176.06,52.55,0
2호기,밤,14,28.6,27.1,38.5,91.59,209.44,46.36,0
2호기,밤,10,32.5,25.4,60.7,91.11,215.93,52.80,0
1호기,낮,7,18.4,23.4,60.6,97.83,182.47,46.17,0
2호기,낮,12,34.4,28.9,66.4,112.23,211.82,48.88,0
1호기,밤,1,33.0,28.6,53.1,90.69,201.14,42.72,0
2호기,밤,2,23.3,26.5,60.8,101.69,196.46,53.24,0
1호기,밤,13,26.6,25.4,43.0,110.18,161.55,50.53,0
3호기,밤,9,24.8,25.9,42.6,103.12,203.81,39.50,0
2호기,밤,4,35.2,28.8,48.6,109.74,190.56,51.60,0
1호기,낮,8,40.2,21.8,51.8,97.06,177.81,45.98,0
1호기,밤,16,35.7,23.9,56.6,112.59,174.54,55.29,0
3호기,낮,12,28.5,23.8,35.3,97.39,201.93,46.37,0
2호기,밤,7,33.4,25.1,50.2,96.34,176.30,46.57,0
1호기,낮,,26.7,24.3,50.6,113.97,202.67,56.21,0
2호기,낮,16,31.3,24.9,58.0,89.32,187.95,52.47,0
1호기,밤,7,,22.3,52.0,97.56,147.29,56.06,0
2호기,밤,4,32.2,26.3,42.7,104.50,228.69,47.11,0
2호기,밤,14,19.8,21.3,46.6,100.13,160.87,62.16,0
2호기,밤,1,21.7,24.3,27.6,117.27,219.68,56.65,0
3호기,밤,,32.4,24.9,57.1,94.32,189.71,50.54,0
3호기,밤,10,26.3,24.7,40.0,102.68,231.28,51.35,0
1호기,낮,15,41.2,26.2,34.6,92.06,215.37,46.29,0
3호기,밤,9,20.9,23.1,58.9,118.20,197.67,42.74,0
2호기,밤,7,31.7,26.6,51.2,97.41,164.46,44.97,0
1호기,밤,3,33.7,23.5,54.5,91.37,159.29,48.67,0
1호기,밤,10,32.6,30.1,62.9,107.74,184.55,46.59,0
1호기,밤,9,16.3,16.4,30.3,94.89,219.91,47.10,0
2호기,밤,9,30.6,22.4,29.1,116.96,240.21,60.11,0
1호기,밤,3,30.7,27.1,63.8,86.80,202.68,53.41,0
2호기,낮,16,24.7,20.5,44.7,108.45,168.48,57.24,0
1호기,밤,8,36.5,24.5,38.9,110.73,238.68,54.18,0
1호기,낮,13,24.9,29.1,45.3,107.91,180.64,52.66,0
3호기,밤,1,25.5,21.5,44.8,92.27,204.69,41.17,0
3호기,낮,14,25.0,23.9,44.4,98.34,205.76,49.68,0
1호기,밤,6,23.7,28.6,41.1,91.46,191.24,51.42,0
3호기,낮,13,32.9,25.3,53.2,103.81,182.97,46.29,0
1호기,밤,,23.9,22.2,47.6,110.44,218.94,43.48,0
3호기,낮,15,30.3,20.6,61.1,103.35,195.40,45.75,0
3호기,낮,4,27.2,21.1,46.1,95.37,179.68,40.63,0
1호기,밤,14,36.6,32.6,44.8,119.02,200.08,42.46,0
3호기,밤,16,38.5,20.3,36.5,107.91,218.47,53.31,0
2호기,밤,2,29.8,29.1,43.2,104.53,198.17,43.67,0
3호기,낮,14,23.5,23.4,57.8,107.15,192.22,48.33,0
3호기,낮,11,15.5,25.2,58.7,88.32,209.53,37.77,0
2호기,낮,12,26.3,24.5,38.2,100.37,198.04,46.51,0
3호기,낮,15,39.3,24.9,56.8,108.60,192.51,47.29,0
1호기,밤,2,33.3,27.4,62.5,107.45,191.02,48.54,0
2호기,낮,8,32.7,21.1,53.1,85.62,196.48,50.24,0
1호기,낮,15,24.9,25.4,45.2,99.57,173.51,49.00,0
2호기,밤,12,28.4,30.2,67.0,96.13,181.21,47.47,0
1호기,낮,4,30.5,27.3,58.8,90.06,218.19,62.52,0
2호기,밤,0,33.3,22.3,48.2,102.89,212.53,51.96,0
3호기,밤,1,23.0,27.4,42.0,82.98,198.88,50.14,0
1호기,밤,8,29.5,25.9,47.9,89.71,202.43,49.81,0
3호기,밤,3,28.4,22.9,45.6,102.41,213.05,45.95,0
3호기,밤,2,26.9,27.3,50.0,104.31,172.12,46.16,0
2호기,밤,8,26.1,25.5,47.7,86.23,189.80,53.99,0
2호기,낮,7,24.8,24.8,36.3,106.77,130.19,48.79,0
2호기,낮,3,28.2,21.2,57.3,115.36,186.87,42.87,0
2호기,밤,15,32.1,22.2,38.7,99.10,229.54,52.18,0
1호기,낮,11,,29.5,62.2,103.44,193.19,51.43,0
3호기,낮,8,33.6,21.5,42.0,107.80,156.51,55.76,0
1호기,밤,3,30.7,24.0,60.0,92.80,199.09,42.24,0
1호기,밤,12,29.7,28.9,32.9,106.09,156.52,52.04,0
3호기,밤,15,28.6,28.7,53.3,108.85,232.85,48.97,0
1호기,낮,5,34.8,22.7,53.8,111.33,202.26,50.13,0
1호기,낮,11,32.8,20.7,42.9,93.01,202.80,46.62,0
2호기,밤,0,28.5,30.7,42.1,107.82,167.60,49.59,0
3호기,낮,3,37.3,20.6,54.5,89.84,202.62,50.35,0
3호기,낮,5,35.6,29.1,45.1,108.80,206.92,42.32,0
3호기,낮,12,35.5,25.7,67.8,108.78,206.40,51.66,0
1호기,낮,9,29.8,24.1,42.0,90.53,192.85,39.84,0
2호기,밤,15,27.4,26.7,45.5,102.12,200.64,41.19,0
3호기,밤,12,32.0,27.4,43.3,84.20,193.51,56.06,0
1호기,낮,2,35.7,24.2,44.8,94.43,190.56,56.97,0
1호기,낮,10,27.1,22.2,48.7,106.35,197.18,50.13,0
1호기,밤,2,30.2,21.1,52.1,92.97,188.80,46.12,0
2호기,밤,6,21.3,27.2,47.4,101.36,160.58,45.09,0
1호기,낮,5,17.7,23.1,33.8,98.77,198.64,39.66,0
1호기,밤,,30.2,23.3,50.3,89.97,173.09,36.32,0
3호기,낮,4,27.5,23.3,32.6,88.28,188.15,44.44,0
2호기,낮,10,34.5,23.9,46.6,107.71,191.67,52.33,0
3호기,밤,16,26.7,24.7,38.9,102.73,176.28,54.99,0
1호기,낮,2,25.7,21.2,47.9,102.75,186.66,53.89,0
2호기,낮,1,32.2,29.0,29.4,115.31,196.18,51.42,0
1호기,밤,0,28.6,26.2,45.9,112.28,211.59,53.69,0
3호기,낮,5,24.9,28.3,50.7,94.68,230.65,41.70,0
3호기,낮,13,33.6,26.4,52.4,97.14,232.45,52.24,0
2호기,밤,6,26.3,25.3,52.8,114.34,219.22,57.31,0
1호기,낮,9,32.7,27.0,63.1,112.53,210.08,43.02,0
3호기,밤,3,28.9,29.1,46.1,103.00,195.05,50.28,0
2호기,낮,9,29.1,27.0,34.2,113.19,225.42,51.40,0
1호기,낮,15,22.8,25.0,36.1,90.02,163.84,46.54,0
1호기,밤,16,28.5,22.1,48.3,82.71,170.80,57.40,0
2호기,낮,8,22.4,22.2,44.5,103.73,216.30,50.40,0
2호기,밤,4,32.3,19.2,56.4,108.28,187.40,45.76,0
1호기,밤,13,26.3,26.5,54.4,99.83,224.99,46.07,0
2호기,밤,13,26.5,24.7,54.0,99.31,195.62,55.97,0
3호기,밤,14,28.4,19.0,60.4,105.61,183.02,51.46,0
2호기,낮,0,36.2,24.2,55.5,82.51,221.58,48.80,0
1호기,밤,6,31.7,23.9,43.8,106.58,195.82,51.62,0
2호기,밤,1,30.4,26.5,44.9,108.91,216.69,43.67,0
1호기,낮,5,31.9,20.5,57.4,92.89,201.03,52.36,0
1호기,밤,2,30.6,28.2,26.9,110.62,175.79,56.43,0
3호기,낮,2,35.0,24.6,26.0,85.38,196.86,42.24,0
1호기,밤,13,23.7,20.5,43.6,113.23,180.12,48.80,0
1호기,낮,12,38.0,27.3,60.3,103.16,253.50,45.46,0
3호기,낮,10,31.5,27.0,44.6,101.82,200.36,52.57,0
1호기,밤,9,25.1,25.6,58.1,102.21,193.20,51.42,0
3호기,밤,2,27.1,27.5,44.9,102.76,188.98,43.45,0
1호기,낮,3,27.8,25.5,50.8,101.51,218.91,58.15,0
1호기,낮,,30.2,26.3,53.0,80.01,181.60,44.50,0
3호기,밤,16,23.6,28.1,39.9,100.54,191.31,49.90,0
2호기,낮,4,33.7,20.7,52.1,112.15,236.07,46.81,0
1호기,밤,2,33.3,30.0,43.6,81.51,234.70,50.92,0
1호기,낮,15,30.3,26.5,48.5,94.94,181.18,65.45,0
1호기,밤,15,36.3,23.3,46.1,102.37,191.27,55.88,0
1호기,밤,2,33.0,28.1,46.1,115.87,224.92,53.04,0
2호기,밤,0,24.0,24.4,54.6,105.08,231.21,43.50,0
2호기,밤,11,23.9,28.4,49.0,74.09,213.00,47.82,0
3호기,낮,10,26.4,25.8,42.1,91.52,193.83,51.51,0
1호기,밤,,,30.0,55.0,88.07,214.79,45.13,0
2호기,낮,5,33.8,21.0,46.7,109.23,239.23,54.70,0
2호기,낮,11,25.1,25.6,44.2,104.02,177.29,55.76,0
2호기,밤,0,33.7,23.0,48.9,86.77,192.10,48.68,0
1호기,밤,12,28.2,20.3,64.1,100.25,216.18,49.58,0
1호기,낮,5,33.4,28.6,70.3,101.83,208.81,43.07,0
3호기,낮,9,40.9,23.7,46.9,106.11,156.98,43.97,0
3호기,낮,12,33.2,23.5,44.8,108.13,170.64,42.17,0
1호기,밤,6,31.6,22.5,41.9,84.90,199.05,43.53,0
3호기,밤,14,40.1,26.2,40.2,101.07,206.72,51.69,0
3호기,밤,10,36.8,28.3,58.0,82.78,221.27,53.83,0
2호기,낮,14,27.5,26.2,43.4,98.93,201.74,47.46,0
1호기,밤,8,30.0,24.0,40.3,99.91,189.49,40.39,0
1호기,밤,16,29.7,26.1,51.3,103.18,196.13,56.77,0
1호기,밤,16,30.9,28.6,55.4,100.09,178.52,51.67,0
1호기,밤,9,27.1,29.4,49.5,85.82,189.06,53.78,0
1호기,낮,12,,22.5,38.0,107.65,217.49,40.59,0
3호기,낮,15,32.5,25.9,45.1,107.42,179.85,47.73,0
1호기,낮,15,34.1,20.3,45.4,79.20,165.54,51.02,0
2호기,밤,5,32.4,23.2,64.4,114.92,194.03,55.68,0
2호기,밤,16,23.8,25.9,44.3,98.82,199.53,48.61,0
3호기,밤,5,28.9,24.1,51.7,99.53,202.87,46.18,0
3호기,밤,6,30.8,24.6,61.7,99.55,214.43,50.14,0
2호기,밤,14,27.1,23.4,43.7,107.84,179.50,50.01,0
2호기,밤,15,29.1,26.1,38.0,107.00,237.89,52.90,0
1호기,밤,8,24.3,25.4,31.5,101.63,197.54,47.23,0
3호기,밤,16,33.2,18.7,42.9,102.42,198.19,45.91,0
2호기,낮,7,34.6,21.4,59.3,90.69,156.34,57.88,0
3호기,낮,2,22.2,25.6,58.1,97.19,184.29,58.48,0
3호기,밤,,24.9,21.5,55.7,92.21,205.75,42.79,0
1호기,낮,6,22.7,24.4,39.0,89.22,214.66,49.87,0
2호기,밤,,28.1,27.9,52.2,100.81,214.08,46.84,0
3호기,밤,13,29.3,24.2,48.1,109.17,216.43,53.22,0
2호기,밤,4,27.6,27.0,54.9,103.89,196.52,47.15,0
2호기,낮,11,29.0,23.2,41.5,89.00,223.21,47.55,0
2호기,낮,4,38.5,22.8,52.6,105.18,201.02,46.68,0
1호기,낮,,35.0,22.6,41.1,96.10,184.38,48.81,0
3호기,낮,16,26.3,28.9,61.4,95.11,199.54,60.84,0
1호기,낮,6,33.2,29.3,54.2,96.42,166.12,59.09,0
1호기,밤,6,28.9,21.5,38.5,99.20,230.19,50.86,0
1호기,밤,6,36.2,27.4,39.8,105.93,214.67,47.92,0
1호기,낮,12,32.6,27.3,26.0,84.59,192.69,57.43,0
2호기,밤,1,25.0,24.5,55.0,101.28,203.67,51.79,0
1호기,밤,4,23.5,26.2,47.5,99.63,176.75,56.74,0
3호기,낮,12,20.0,25.3,64.7,106.46,199.31,44.81,0
1호기,밤,6,30.8,25.8,43.4,105.88,198.61,60.42,0
3호기,밤,15,32.0,23.7,40.1,109.54,217.04,48.66,0
3호기,밤,13,34.3,26.3,35.1,99.55,189.69,57.66,0
2호기,밤,6,31.8,22.3,70.7,90.67,209.53,46.22,0
3호기,낮,5,20.2,26.1,36.5,67.73,229.83,50.80,0
3호기,밤,3,33.7,24.0,44.3,103.17,191.58,51.58,0
1호기,낮,16,32.0,24.2,48.4,117.39,184.57,48.87,0
3호기,밤,8,37.4,28.9,43.3,98.00,197.04,45.41,0
1호기,낮,5,37.1,27.4,57.6,99.81,198.58,51.19,0
2호기,낮,2,27.1,23.2,54.3,105.18,217.30,57.93,0
1호기,낮,5,19.3,26.3,47.6,111.80,232.61,54.17,0
3호기,낮,16,22.6,30.5,42.5,90.94,203.59,43.87,0
2호기,밤,11,38.1,26.0,54.1,102.71,220.50,46.29,0
1호기,밤,16,36.6,24.7,47.2,101.54,176.35,43.67,0
3호기,밤,7,31.7,22.2,54.9,87.91,193.30,52.12,0
3호기,밤,2,33.0,25.0,55.8,90.33,195.03,49.33,0
3호기,낮,6,29.0,26.1,45.3,101.25,151.13,52.42,0
1호기,낮,2,28.5,23.4,63.0,101.40,190.06,46.61,0
1호기,밤,6,25.6,20.4,46.9,122.52,183.40,39.17,0
1호기,낮,0,34.2,30.2,32.9,97.57,197.36,40.66,0
1호기,낮,10,23.1,28.6,52.8,100.40,223.51,49.65,0
3호기,낮,1,32.0,15.1,54.3,99.22,181.88,62.82,0
1호기,낮,9,32.4,25.6,54.6,110.39,203.14,53.38,0
3호기,낮,10,33.4,26.7,60.4,109.66,194.77,52.10,0
1호기,밤,7,32.0,31.2,48.1,88.25,177.51,57.29,0
3호기,밤,14,27.7,22.6,51.2,101.03,159.28,50.52,0
2호기,낮,2,30.2,25.1,51.1,107.15,192.03,41.74,0
2호기,낮,13,33.0,27.2,52.0,108.53,193.42,53.12,0
2호기,낮,3,31.2,24.9,47.4,77.43,217.38,57.76,0
3호기,낮,8,34.5,24.8,43.0,109.23,202.03,61.63,0
3호기,밤,11,31.7,20.6,49.1,81.71,181.25,47.29,0
2호기,밤,8,,22.6,46.6,92.78,187.45,55.11,0
1호기,밤,12,27.9,19.7,45.8,103.24,189.23,50.71,0
1호기,낮,10,32.0,26.3,44.0,91.81,194.00,56.81,0
1호기,밤,2,29.4,24.7,45.7,88.10,207.11,47.62,0
2호기,밤,,22.0,29.0,45.6,99.53,169.08,51.35,0
3호기,낮,9,37.3,24.8,48.4,111.37,187.18,51.49,0
2호기,밤,13,31.5,25.3,38.0,96.62,188.87,50.95,0
2호기,낮,7,31.8,29.8,65.1,100.30,198.91,49.95,0
1호기,밤,4,27.3,27.2,43.4,96.30,205.04,47.40,0
2호기,밤,8,,22.5,58.2,96.59,179.53,52.90,0
2호기,밤,10,31.6,23.5,42.7,100.27,165.79,58.49,0
2호기,낮,5,34.9,22.8,52.3,112.55,207.22,50.61,0
2호기,낮,12,26.8,25.0,62.7,91.02,216.88,57.54,0
1호기,낮,12,36.6,27.0,53.5,109.98,205.06,44.73,0
1호기,낮,8,33.1,29.9,38.8,87.32,215.60,46.88,0
1호기,낮,4,28.5,22.2,61.6,96.80,200.49,55.15,0
3호기,낮,7,29.9,28.2,41.3,98.53,205.02,58.36,0
3호기,낮,8,31.9,24.0,58.5,96.53,195.37,54.09,0
3호기,낮,10,20.4,29.2,41.2,105.80,197.89,49.80,0
3호기,밤,10,34.8,22.3,58.5,101.88,208.44,56.90,0
3호기,낮,0,24.5,26.6,32.4,87.72,204.17,48.17,0
3호기,밤,7,27.2,23.7,36.3,97.32,240.48,42.13,0
2호기,밤,13,37.5,24.1,45.3,97.33,204.98,52.34,0
1호기,낮,8,,21.5,61.2,97.23,179.91,45.09,0
2호기,밤,14,25.6,19.4,40.8,113.71,182.79,54.64,0
1호기,밤,7,31.5,23.9,30.9,106.86,209.09,56.14,0
3호기,낮,1,21.2,27.9,38.6,103.17,184.24,39.46,0
2호기,밤,13,46.1,25.0,57.2,108.77,181.18,60.78,0
2호기,낮,8,39.2,25.5,46.5,106.46,248.93,45.19,0
3호기,밤,4,30.1,25.1,53.4,100.36,208.98,50.96,0
3호기,낮,10,23.1,23.7,56.7,103.59,162.56,50.12,0
2호기,밤,15,20.6,26.2,48.3,94.63,196.94,52.78,0
1호기,밤,16,35.4,21.4,54.3,110.12,212.01,46.26,0
2호기,낮,7,34.7,26.3,50.4,115.96,186.08,43.52,0
1호기,낮,4,31.2,24.8,52.0,92.44,210.72,50.09,0
1호기,낮,2,24.7,26.2,33.3,94.21,210.74,54.78,0
2호기,밤,16,26.1,26.4,45.7,106.75,209.14,56.72,0
1호기,밤,10,22.4,26.6,55.8,105.32,215.11,47.11,0
2호기,낮,6,23.1,20.8,43.1,91.65,190.24,52.06,0
2호기,낮,5,26.7,22.6,43.4,105.23,209.87,42.81,0
3호기,밤,14,,25.2,46.5,108.62,171.39,43.34,0
1호기,밤,15,32.1,26.9,46.4,99.01,191.51,48.25,0
1호기,밤,6,28.6,21.4,31.1,88.42,200.57,50.35,0
2호기,밤,16,37.5,24.6,57.8,119.61,210.80,47.25,0
1호기,낮,0,27.7,21.7,60.9,99.73,207.74,47.96,0
2호기,밤,13,30.6,28.0,52.4,120.33,191.43,36.07,0
1호기,밤,16,31.6,21.6,60.7,94.67,197.76,53.05,0
2호기,낮,,37.5,18.6,37.7,130.66,191.12,47.47,0
1호기,밤,,26.4,22.5,36.0,93.96,195.63,57.51,0
2호기,낮,3,26.4,19.8,63.2,80.12,206.37,47.82,0
2호기,낮,12,28.3,20.0,40.8,100.05,165.17,53.98,0
2호기,낮,0,31.6,30.2,46.1,97.46,200.71,48.39,0
1호기,밤,15,33.5,22.2,60.2,96.61,239.34,50.57,0
2호기,밤,,28.4,26.3,73.9,98.22,192.05,47.69,0
1호기,낮,5,34.3,29.4,54.6,109.71,205.82,53.75,0
2호기,낮,8,31.7,22.8,57.5,107.99,224.27,57.86,0
1호기,낮,0,30.2,26.4,49.1,80.80,198.26,45.42,0
3호기,밤,3,28.3,23.3,57.8,94.83,193.91,52.20,0
2호기,낮,7,28.7,26.3,47.1,103.06,209.88,54.76,0
3호기,낮,7,26.9,25.1,54.5,106.25,182.87,45.06,0
1호기,낮,3,31.9,27.1,31.9,108.88,226.99,49.97,0
3호기,밤,11,27.9,19.8,47.0,88.65,193.68,40.95,0
1호기,밤,12,27.5,27.1,44.8,96.24,193.41,54.78,0
2호기,낮,3,38.2,27.7,64.2,111.52,207.27,50.48,0
1호기,낮,13,35.0,22.1,48.0,97.04,175.51,57.24,0
3호기,낮,11,34.2,26.2,58.5,101.41,196.82,48.01,0
1호기,낮,8,24.7,23.1,50.8,103.86,173.03,47.44,0
1호기,낮,11,31.6,23.9,38.6,95.42,213.65,49.77,0
1호기,낮,0,17.5,21.8,55.2,100.96,214.91,50.69,0
3호기,낮,11,27.5,24.8,55.3,83.88,202.60,55.22,0
3호기,낮,6,22.9,24.8,56.5,94.74,198.08,49.62,0
2호기,낮,9,23.9,24.6,49.9,108.19,223.37,50.10,0
1호기,낮,13,32.2,25.9,43.5,95.71,188.23,44.93,0
3호기,밤,8,28.1,25.6,42.8,99.06,228.34,55.74,0
3호기,밤,10,30.4,24.1,61.6,87.26,205.04,60.18,0
1호기,낮,9,31.7,24.6,61.8,94.25,203.85,49.67,0
2호기,낮,9,25.0,24.6,45.1,114.59,199.00,43.14,0
2호기,밤,12,27.3,29.5,65.6,99.33,219.30,46.26,0
3호기,낮,0,40.2,28.1,38.0,99.23,185.25,52.60,0
3호기,낮,15,36.7,22.4,40.3,104.87,195.32,46.85,0
3호기,밤,11,31.9,24.1,47.8,106.24,204.32,51.80,0
2호기,밤,4,25.8,22.6,64.4,99.84,194.87,52.53,0
1호기,낮,13,23.0,25.9,65.8,88.69,157.16,46.55,0
3호기,낮,11,26.8,24.2,17.9,83.57,211.80,46.86,0
3호기,밤,4,27.2,23.9,46.6,95.04,182.15,56.90,0
1호기,낮,,26.1,32.6,58.4,86.09,203.23,58.59,0
1호기,낮,7,38.5,24.0,65.2,106.87,170.82,40.77,0
1호기,밤,2,34.5,23.9,49.8,101.05,186.86,49.55,0
3호기,밤,13,33.3,27.3,79.2,113.14,217.42,52.80,0
2호기,낮,11,26.0,26.4,50.2,97.98,179.08,48.58,0
2호기,낮,13,23.2,27.4,49.1,112.61,233.53,52.44,0
1호기,낮,11,32.6,24.1,44.7,101.52,243.74,46.09,0
2호기,밤,12,26.0,12.8,59.4,93.42,168.35,54.59,0
2호기,낮,2,32.9,20.3,63.7,102.32,211.18,55.83,0
1호기,밤,0,33.3,26.1,53.9,96.71,202.19,49.95,0
3호기,낮,5,28.9,24.1,49.5,100.01,191.74,46.91,0
2호기,밤,6,29.1,25.6,40.8,100.71,201.50,45.71,0
2호기,밤,0,27.2,22.6,43.9,120.28,172.92,39.30,0
2호기,밤,13,24.8,25.1,56.7,103.48,210.11,42.70,0
1호기,밤,10,36.1,20.7,43.1,91.46,206.23,51.06,0
3호기,밤,11,23.9,24.1,41.0,107.19,228.16,47.14,0
3호기,밤,0,28.7,27.0,62.6,101.45,179.48,54.66,0
3호기,밤,12,,21.8,51.2,101.13,202.23,45.36,0
1호기,밤,6,26.4,30.7,58.1,84.78,161.61,46.03,0
2호기,낮,15,31.3,24.3,56.4,75.19,206.41,48.99,0
1호기,낮,14,,28.2,50.3,98.53,141.72,53.31,0
1호기,낮,16,30.7,28.3,58.3,88.37,154.85,47.18,0
3호기,낮,0,23.9,24.9,23.2,99.09,188.33,54.74,0
1호기,밤,0,29.5,24.8,37.5,81.61,175.90,50.75,0
1호기,밤,0,23.4,27.3,50.5,92.86,173.90,55.03,0
3호기,밤,7,29.9,22.8,52.2,93.92,193.06,52.64,0
1호기,밤,15,28.8,24.2,32.2,83.63,205.19,43.49,0
1호기,밤,0,34.9,24.4,43.6,98.44,205.78,55.25,0
2호기,낮,3,27.4,22.1,57.1,103.89,215.55,49.07,0
1호기,낮,15,31.0,20.4,51.0,86.81,218.57,47.80,0
3호기,밤,12,22.1,26.5,61.0,86.51,200.23,54.04,0
2호기,밤,1,32.0,17.3,46.1,97.51,187.48,54.97,0
2호기,밤,8,31.0,22.7,56.7,96.79,202.81,59.49,0
3호기,낮,9,25.4,24.3,65.2,108.62,230.63,48.27,0
3호기,낮,15,21.0,25.6,47.4,110.97,190.61,55.53,0
3호기,밤,5,29.5,23.9,63.7,87.74,177.48,49.94,0
1호기,낮,3,33.8,23.9,68.9,102.75,166.30,47.80,0
1호기,낮,13,23.9,29.9,34.8,111.03,174.10,47.39,0
3호기,밤,11,28.1,21.1,38.2,112.93,191.93,46.73,0
1호기,낮,4,27.6,22.7,67.1,106.72,183.67,43.66,0
1호기,낮,,33.8,23.4,56.4,105.10,170.55,55.74,0
1호기,낮,3,29.0,24.7,63.4,82.00,210.86,51.35,0
1호기,낮,5,30.3,30.5,48.1,98.35,209.28,45.81,0
1호기,낮,8,36.4,29.3,54.6,103.55,213.46,60.07,0
1호기,낮,12,22.0,27.9,49.8,97.69,185.43,47.12,0
3호기,밤,8,31.2,27.3,47.5,94.28,202.99,51.58,0
1호기,낮,2,26.9,29.0,45.7,104.80,242.79,43.12,0
2호기,밤,11,23.0,19.6,44.2,84.45,196.30,51.41,0
1호기,낮,15,36.6,23.5,50.4,113.57,218.08,51.26,0
1호기,밤,6,31.2,23.1,64.4,96.02,204.94,43.12,0
1호기,밤,11,,24.5,34.8,105.66,189.37,58.42,0
3호기,낮,2,27.2,23.9,34.5,90.32,175.63,54.63,0
1호기,밤,3,23.3,26.7,40.2,108.66,185.91,44.32,0
1호기,밤,13,41.3,19.8,42.0,103.76,162.21,48.62,0
3호기,낮,11,19.5,19.0,25.5,95.45,227.31,49.29,0
2호기,밤,11,21.5,25.9,49.5,104.37,184.99,48.64,0
1호기,낮,16,30.9,23.2,57.5,105.67,196.70,54.47,0
3호기,밤,13,34.0,27.6,64.5,104.43,200.63,55.94,0
3호기,낮,12,34.6,27.9,62.3,117.69,196.42,52.24,0
3호기,낮,9,33.4,20.9,47.1,99.74,181.15,58.28,0
1호기,낮,11,27.4,24.3,56.0,89.65,227.80,53.30,0
1호기,낮,12,29.6,24.0,62.2,103.75,192.43,52.41,0
1호기,낮,15,32.8,23.4,53.5,101.50,232.98,45.67,0
2호기,밤,5,28.4,23.6,47.1,109.87,177.11,45.56,0
2호기,밤,13,31.4,26.7,50.7,93.97,202.63,46.73,0
1호기,낮,5,31.7,25.8,58.6,103.11,192.93,44.06,0
1호기,낮,4,35.1,25.7,35.3,95.55,169.84,44.92,0
2호기,밤,5,,26.8,37.1,88.09,178.39,45.46,0
1호기,밤,12,25.1,21.7,47.6,94.47,196.83,56.39,0
2호기,낮,6,20.5,24.9,36.5,98.84,191.40,47.25,0
1호기,낮,3,31.6,23.1,65.1,94.14,223.16,43.14,0
1호기,낮,14,26.5,20.4,44.2,108.36,238.69,51.27,0
1호기,낮,16,30.3,25.0,58.7,103.82,243.23,41.66,0
1호기,밤,15,30.8,29.3,61.6,100.85,166.67,49.48,0
3호기,낮,14,36.7,27.0,36.7,79.61,186.98,50.64,0
3호기,밤,,32.5,21.8,37.5,105.37,155.70,49.22,0
3호기,낮,2,34.2,28.6,54.1,89.65,206.52,47.18,0
1호기,밤,15,34.6,26.7,41.8,107.58,166.42,50.31,0
3호기,낮,11,27.9,25.6,41.7,92.60,185.42,44.25,0
3호기,밤,14,22.3,24.2,60.9,115.51,207.56,45.74,0
1호기,낮,16,28.0,22.7,39.2,89.38,194.35,42.53,0
3호기,낮,7,41.8,24.2,51.2,102.00,199.50,46.52,0
1호기,낮,12,44.2,30.5,53.6,108.47,190.58,32.84,0
1호기,밤,12,29.0,22.6,33.9,81.99,191.18,43.86,0
3호기,낮,,,24.6,34.8,101.33,214.00,42.85,0
2호기,낮,16,23.8,21.6,43.9,99.44,214.57,44.34,0
2호기,밤,5,25.2,21.6,47.2,92.59,199.42,44.32,0
3호기,밤,11,37.5,28.2,52.0,78.51,192.23,49.99,0
3호기,밤,12,25.6,27.7,46.5,110.96,180.59,46.02,0
1호기,밤,7,29.9,27.2,49.2,108.73,209.15,46.14,0
3호기,낮,2,29.8,23.5,46.4,102.20,205.96,44.99,0
2호기,낮,7,30.2,28.0,55.4,117.78,207.60,55.62,0
1호기,밤,,32.1,28.5,51.2,107.27,196.58,51.45,0
1호기,밤,7,27.2,29.6,60.5,97.74,174.15,54.13,0
3호기,밤,2,36.2,26.2,77.3,85.51,228.71,52.31,0
2호기,밤,0,28.7,26.6,46.1,90.70,214.08,44.70,0
2호기,낮,3,28.7,27.5,52.4,102.42,187.64,49.78,0
1호기,낮,1,25.6,20.0,74.1,113.99,216.97,48.75,0
3호기,낮,9,23.4,25.2,47.5,99.81,205.46,50.92,0
2호기,낮,5,32.4,17.8,57.7,74.68,173.47,57.72,0
1호기,밤,1,25.8,22.4,36.5,96.53,195.20,49.11,0
2호기,낮,11,27.5,21.4,60.9,79.78,196.11,48.64,0
3호기,밤,10,32.5,28.2,44.9,98.95,192.65,50.41,0
2호기,밤,11,27.4,24.4,41.6,96.45,196.80,49.05,0
2호기,밤,6,32.1,29.2,59.3,112.66,181.55,53.52,0
3호기,밤,5,38.8,22.9,53.7,104.03,222.40,47.71,0
2호기,밤,11,19.3,25.5,42.4,95.96,205.97,56.16,0
1호기,밤,16,26.6,21.9,46.0,104.01,189.10,47.28,0
3호기,밤,0,26.7,22.9,49.4,107.47,179.84,40.08,0
1호기,낮,9,29.7,30.0,49.3,92.53,213.78,53.97,0
2호기,낮,11,28.5,25.1,62.4,115.15,201.50,54.35,0
3호기,낮,12,32.8,20.6,43.3,85.32,196.79,46.49,0
1호기,밤,13,33.5,30.7,51.3,95.48,167.18,40.32,0
2호기,밤,4,33.0,28.4,51.6,100.63,182.29,53.86,0
3호기,밤,15,35.1,18.9,49.4,100.56,184.26,43.29,0
1호기,낮,7,26.4,21.5,46.2,98.05,165.03,42.53,0
1호기,밤,,25.8,26.0,43.3,111.58,192.44,47.99,0
3호기,밤,9,43.5,24.1,41.1,115.29,198.05,43.93,0
3호기,밤,0,25.3,22.4,60.1,113.70,213.95,53.59,0
2호기,낮,6,32.3,25.4,62.5,115.14,204.48,44.18,0
1호기,밤,10,28.4,25.7,63.2,109.56,216.33,52.94,0
1호기,낮,16,28.2,26.1,38.1,97.28,206.58,49.17,0
2호기,밤,13,24.9,25.9,51.3,87.14,212.27,48.51,0
3호기,밤,4,27.9,27.3,65.5,98.21,202.95,48.97,0
3호기,밤,12,22.7,22.5,54.4,103.91,178.95,43.87,0
1호기,낮,13,19.8,30.5,60.8,101.08,218.63,55.61,0
3호기,낮,,34.2,26.9,41.1,94.97,214.44,42.29,0
2호기,밤,16,29.0,24.2,47.8,101.22,195.55,54.71,0
1호기,낮,5,36.6,23.9,53.9,91.33,226.28,50.92,0
2호기,밤,2,31.9,23.5,38.0,100.26,155.58,40.86,0
1호기,밤,9,24.1,23.6,43.1,89.60,213.01,47.42,0
1호기,밤,16,25.3,23.4,64.6,98.28,192.81,42.59,0
3호기,밤,7,,22.9,54.3,88.65,204.94,50.89,0
1호기,낮,10,27.4,25.4,53.3,102.59,203.39,44.53,0
1호기,낮,10,30.9,32.9,56.6,105.55,194.71,56.47,0
3호기,밤,6,35.6,27.5,43.3,93.19,185.62,46.46,0
3호기,낮,15,27.5,27.7,47.0,112.06,190.31,56.17,0
3호기,낮,1,27.9,27.9,63.3,103.31,234.25,52.66,0
2호기,낮,8,33.2,29.1,61.0,88.91,188.52,53.52,0
2호기,밤,13,37.3,20.1,53.3,99.39,185.99,51.25,0
2호기,밤,5,22.8,27.2,34.4,105.51,200.28,56.58,0
1호기,밤,4,27.6,27.1,55.3,102.00,196.31,51.95,0
2호기,낮,0,31.6,26.9,54.9,90.15,225.30,59.63,0
1호기,낮,5,32.4,24.7,58.0,97.64,189.89,40.08,0
1호기,밤,16,35.0,25.4,43.2,72.76,204.70,45.33,0
1호기,밤,1,32.2,31.2,55.2,88.67,212.76,49.62,1
3호기,낮,5,30.4,26.7,57.2,101.06,183.71,61.42,0
1호기,밤,14,32.8,27.9,46.9,97.08,185.75,49.64,0
3호기,밤,8,14.0,21.6,36.1,92.47,205.38,52.52,0
1호기,밤,6,36.5,22.3,58.2,93.79,197.38,46.58,0
3호기,낮,14,28.8,24.7,61.6,98.18,157.53,50.90,0
1호기,밤,15,23.7,26.1,44.7,84.45,190.86,53.28,0
2호기,낮,5,35.1,24.7,52.9,106.68,179.49,52.61,0
1호기,낮,7,30.6,26.2,52.8,105.42,178.15,44.97,0
2호기,낮,11,,19.5,59.6,96.54,164.36,49.25,0
3호기,밤,12,33.7,27.8,46.0,102.39,188.09,41.98,0
2호기,낮,9,20.7,26.1,58.1,100.14,194.16,50.76,0
2호기,밤,14,27.5,25.5,56.6,106.09,222.11,51.25,0
3호기,밤,7,36.8,22.1,47.2,120.32,215.20,52.76,0
3호기,밤,11,30.2,24.9,55.9,103.96,205.41,50.55,0
1호기,밤,0,30.2,22.2,46.8,96.94,213.90,49.72,0
2호기,밤,3,25.0,22.3,58.7,95.77,176.21,56.94,0
1호기,낮,7,23.0,24.9,41.6,104.41,190.09,46.18,0
1호기,밤,16,36.6,31.3,70.2,103.46,238.72,58.90,0
1호기,낮,4,35.4,26.6,53.3,88.37,174.25,42.69,0
3호기,밤,12,34.3,24.7,35.6,97.18,207.88,47.80,0
3호기,낮,4,27.0,25.5,43.8,105.58,190.95,50.18,0
2호기,밤,7,25.9,25.8,54.2,121.80,192.66,52.09,0
2호기,밤,4,38.0,19.9,50.7,76.37,143.62,45.87,0
1호기,밤,15,33.6,23.3,50.4,99.81,179.22,52.70,0
2호기,낮,8,24.1,23.4,46.7,91.63,221.76,46.63,0
1호기,밤,7,29.8,22.9,58.5,106.96,206.89,49.42,0
1호기,낮,12,24.2,26.9,41.0,102.83,188.00,47.61,0
2호기,낮,16,36.8,22.4,67.2,106.38,243.16,54.79,0
2호기,낮,7,27.3,24.1,43.7,87.35,201.18,44.33,0
1호기,낮,16,33.2,22.4,43.3,98.41,196.55,42.12,0
3호기,낮,13,26.0,30.0,44.5,96.42,203.71,42.62,0
2호기,밤,9,,23.6,52.4,91.06,214.38,46.83,0
3호기,밤,10,24.4,22.0,53.1,92.79,189.26,49.33,0
3호기,밤,7,23.0,28.6,45.4,85.53,208.29,47.87,0
1호기,밤,6,35.7,25.2,44.5,104.60,212.88,58.48,0
3호기,밤,5,24.8,22.3,39.4,98.74,177.01,42.85,0
1호기,낮,11,26.6,29.2,56.4,89.20,196.97,50.20,0
3호기,밤,13,26.0,25.8,68.9,87.80,210.93,47.72,0
1호기,밤,3,38.0,23.9,50.5,106.67,227.18,56.96,0
3호기,밤,12,33.6,26.5,37.2,102.12,267.31,54.72,0
2호기,낮,16,16.2,29.7,61.8,111.45,210.60,44.76,0
1호기,밤,12,31.8,28.0,48.7,106.66,224.40,50.88,0
1호기,밤,9,26.0,24.4,36.3,87.66,194.38,59.91,0
3호기,밤,12,24.7,19.9,55.7,100.59,207.42,47.26,0
2호기,밤,1,34.7,17.4,37.6,93.63,192.30,57.00,0
2호기,밤,11,30.4,25.1,48.5,92.81,195.46,47.96,0
3호기,낮,6,21.5,21.4,45.9,106.41,201.92,51.98,0
2호기,낮,10,29.0,24.5,49.0,100.96,210.41,52.33,0
3호기,낮,5,31.1,24.0,51.5,100.79,177.56,54.78,0
1호기,낮,15,30.6,27.2,61.4,98.87,231.09,51.04,0
2호기,밤,6,24.2,31.7,51.0,103.01,211.79,49.94,0
1호기,낮,4,32.7,22.3,69.2,98.59,210.53,46.06,0
3호기,밤,11,38.5,26.3,51.2,89.36,194.94,46.04,0
1호기,밤,7,33.4,20.7,35.4,112.80,171.06,49.63,0
3호기,밤,13,24.8,28.0,44.5,99.42,204.74,50.23,0
2호기,밤,1,30.0,22.8,47.5,110.68,188.17,52.10,0
1호기,낮,11,34.0,23.6,55.3,103.30,195.05,54.86,0
1호기,밤,4,25.3,23.0,52.7,98.50,201.87,43.56,0
2호기,낮,3,25.9,23.6,52.7,95.73,165.35,45.89,0
1호기,낮,16,28.1,23.3,34.3,110.19,220.41,59.21,0
1호기,밤,0,27.4,23.9,31.7,117.72,199.87,58.44,0
2호기,밤,8,28.3,23.2,47.0,89.25,200.14,53.57,0
3호기,밤,8,26.2,26.3,49.8,105.20,202.45,48.63,0
2호기,낮,1,24.1,20.8,36.9,97.65,171.64,46.06,0
3호기,낮,1,32.1,24.8,54.4,82.40,181.24,39.37,0
3호기,낮,13,31.6,25.1,39.2,114.67,194.82,57.36,0
3호기,낮,6,30.8,25.8,52.9,104.32,193.99,56.21,0
2호기,밤,4,,24.1,43.5,106.49,200.40,46.40,0
1호기,밤,1,37.3,31.8,56.1,108.29,195.49,54.43,1
2호기,밤,8,23.8,24.1,48.6,105.97,188.18,46.86,0
1호기,밤,10,26.3,24.3,50.6,107.49,176.29,44.68,0
1호기,밤,6,30.8,24.7,33.9,107.69,220.31,59.01,0
3호기,낮,3,25.8,27.5,63.3,112.57,169.57,45.64,0
3호기,밤,14,37.8,29.9,69.6,105.92,205.80,48.21,0
3호기,낮,13,24.5,22.5,63.9,99.30,227.30,41.48,0
2호기,낮,11,29.1,26.6,57.9,109.11,174.86,56.23,0
3호기,낮,,34.1,24.7,67.1,115.72,254.80,55.67,0
2호기,낮,14,29.8,20.5,58.8,95.74,180.07,46.91,0
1호기,밤,13,24.8,22.3,57.1,90.56,193.88,51.22,0
1호기,밤,2,38.4,22.6,44.9,81.73,144.85,50.76,0
1호기,밤,15,26.0,24.4,56.5,98.09,189.86,51.22,0
3호기,밤,13,31.6,22.4,42.5,105.82,202.13,56.86,0
3호기,낮,15,30.3,25.1,44.7,76.80,167.95,57.69,0
2호기,낮,11,39.8,23.8,58.9,106.26,186.73,41.45,0
2호기,밤,1,36.4,24.7,58.3,90.01,169.35,61.71,0
2호기,밤,1,29.7,24.1,61.5,94.35,204.61,53.53,0
3호기,밤,12,25.0,26.6,55.9,104.01,210.85,47.59,0
1호기,밤,6,20.7,23.4,39.6,85.57,212.54,52.93,0
3호기,낮,6,30.3,23.6,49.4,106.15,230.51,44.24,0
2호기,밤,13,32.8,28.0,52.9,126.23,195.48,51.05,0
2호기,낮,15,31.1,25.0,39.8,115.26,174.49,47.76,0
2호기,낮,6,35.2,26.7,42.8,115.35,210.52,53.02,0
3호기,밤,9,40.1,25.8,36.5,103.75,194.45,45.80,0
2호기,밤,8,29.4,26.6,56.6,86.74,205.32,47.23,0
3호기,낮,10,30.6,26.5,28.9,86.36,204.31,52.16,0
1호기,낮,11,29.2,25.1,36.9,122.41,234.27,59.79,0
2호기,밤,8,30.7,24.5,56.1,111.85,191.74,53.41,0
1호기,밤,0,25.5,21.7,70.8,113.59,181.26,41.56,0
3호기,밤,1,30.5,29.7,55.3,89.20,219.19,48.45,0
3호기,낮,12,26.5,24.1,74.4,101.19,202.79,48.27,0
2호기,밤,14,30.8,29.4,45.4,112.33,172.39,47.53,0
2호기,낮,16,29.5,26.0,43.8,94.24,168.63,47.20,0
2호기,밤,12,31.3,26.9,52.7,95.57,204.48,51.85,0
3호기,낮,16,23.0,26.4,29.6,109.49,230.54,50.32,0
1호기,낮,9,26.0,25.9,57.6,92.15,200.96,47.69,0
3호기,낮,3,39.8,20.0,62.3,105.16,210.65,56.02,0
2호기,밤,10,34.6,22.5,37.9,99.75,199.29,48.61,0
1호기,낮,0,28.2,25.4,63.2,97.84,201.70,50.17,0
2호기,밤,8,41.4,25.0,61.8,95.06,201.78,42.88,0
3호기,낮,13,22.7,17.2,25.1,96.98,209.80,50.36,0
1호기,밤,2,29.9,27.6,50.5,109.66,168.54,48.04,0
2호기,밤,2,22.4,21.9,55.3,101.79,207.19,51.57,0
1호기,낮,,36.8,30.7,47.7,104.16,205.43,47.84,0
1호기,낮,10,33.8,20.2,48.9,109.97,219.88,46.01,0
3호기,밤,10,26.7,27.6,40.5,121.83,209.66,53.64,0
2호기,밤,8,25.8,20.2,62.7,96.47,190.39,49.07,0
3호기,밤,7,27.6,22.8,34.8,71.67,203.89,44.57,0
3호기,낮,3,26.9,26.3,43.7,100.59,197.75,46.23,0
2호기,낮,2,27.3,24.1,42.1,103.01,170.76,49.28,0
1호기,낮,1,31.5,23.3,54.2,122.89,222.00,63.03,0
2호기,낮,10,20.9,22.9,30.9,87.20,239.59,54.76,0
3호기,낮,0,25.7,28.6,45.0,103.67,220.56,41.65,0
3호기,밤,3,34.8,21.1,62.7,103.80,193.42,41.91,0
2호기,밤,8,29.0,20.8,45.0,97.45,188.51,49.13,0
3호기,밤,5,22.8,26.3,49.6,85.73,228.26,53.24,0
1호기,밤,9,25.8,25.2,52.7,96.35,159.19,52.22,0
2호기,낮,15,23.5,26.2,33.6,108.95,244.34,51.99,0
3호기,밤,11,33.9,23.0,66.1,99.45,227.20,58.93,0
3호기,밤,7,25.3,21.6,56.9,103.14,196.19,58.48,0
1호기,밤,7,36.7,18.0,42.9,86.50,188.09,51.90,0
3호기,낮,11,20.8,23.5,44.5,82.68,197.09,46.12,0
3호기,밤,8,27.8,21.5,54.7,99.26,193.85,57.03,0
2호기,낮,14,29.3,26.9,46.9,116.58,155.94,59.06,0
3호기,낮,6,23.3,21.1,45.5,107.94,204.46,57.22,0
1호기,밤,5,28.9,26.7,49.2,107.37,160.80,51.32,0
3호기,낮,9,37.9,26.4,60.2,100.41,144.22,44.30,0
1호기,낮,4,29.7,28.6,65.1,100.06,197.34,52.58,0
2호기,밤,16,36.8,23.4,65.4,100.53,223.42,46.60,0
3호기,밤,12,27.1,27.2,53.6,83.35,210.53,54.45,0
3호기,밤,0,37.4,27.7,58.9,89.07,204.00,49.07,0
1호기,밤,13,26.7,17.4,23.6,115.47,216.95,56.00,0
3호기,밤,15,27.3,25.8,69.0,87.92,202.25,52.32,0
3호기,낮,6,32.5,24.9,51.9,88.34,209.88,52.83,0
2호기,낮,1,35.6,26.3,51.6,86.47,220.20,48.27,0
2호기,밤,0,28.6,23.0,44.0,88.08,209.77,56.34,0
3호기,밤,1,34.8,20.2,55.0,110.76,231.59,47.32,0
3호기,낮,0,31.2,25.3,56.3,72.59,220.43,42.08,0
3호기,밤,4,15.7,21.9,42.0,82.91,188.81,53.32,0
3호기,낮,13,34.9,28.3,55.2,91.67,225.58,44.06,0
1호기,낮,3,22.5,28.4,61.0,103.53,230.97,38.28,0
2호기,밤,11,34.2,23.3,39.2,95.36,189.83,64.45,0
1호기,밤,5,31.2,24.9,72.9,101.58,174.27,35.30,0
3호기,낮,11,25.3,22.8,54.6,108.56,192.45,48.47,0
3호기,낮,14,30.9,23.8,64.8,95.07,200.01,46.32,0
3호기,낮,7,33.4,21.3,63.7,104.77,243.22,48.50,0
1호기,낮,6,37.0,23.7,39.5,93.15,172.42,48.29,0
2호기,밤,11,33.3,20.3,46.7,91.36,172.18,42.38,0
2호기,낮,0,28.1,26.4,63.2,110.17,150.46,54.17,0
2호기,낮,14,33.2,26.8,30.5,106.80,181.08,44.37,0
3호기,밤,1,33.7,25.3,31.0,121.17,205.27,44.40,1
1호기,밤,5,39.6,25.0,57.2,100.01,223.47,46.40,0
3호기,밤,16,29.5,27.7,61.8,121.79,206.74,49.17,0
3호기,밤,9,31.7,28.8,60.6,101.27,196.56,54.57,0
1호기,낮,8,27.2,27.8,37.3,110.17,182.80,46.35,0
1호기,낮,11,29.7,28.6,44.1,98.41,211.55,45.75,0
3호기,밤,11,36.3,24.6,55.0,90.90,192.09,55.69,0
2호기,낮,16,,29.8,38.9,94.98,225.55,53.14,0
1호기,밤,6,31.9,27.6,46.5,94.98,159.59,53.24,0
3호기,낮,5,31.5,23.6,40.5,110.15,192.61,48.04,0
2호기,낮,16,30.9,21.2,59.6,109.00,190.04,54.08,0
2호기,낮,1,29.6,24.6,39.1,95.86,193.20,52.99,0
3호기,밤,15,35.2,22.7,57.7,94.01,172.25,45.69,0
2호기,낮,3,24.6,21.0,68.2,125.59,177.86,47.98,0
2호기,밤,8,40.0,28.1,60.1,89.96,219.25,48.94,0
1호기,낮,9,37.9,23.9,36.9,114.26,204.90,51.50,0
1호기,밤,2,27.0,23.8,55.1,104.69,164.61,42.40,0
3호기,밤,6,29.8,24.0,62.6,108.89,206.14,50.56,0
1호기,낮,0,23.2,26.9,55.5,94.87,185.84,52.45,0
3호기,밤,9,28.6,26.5,58.1,118.47,210.25,52.51,0
1호기,밤,9,26.5,25.6,44.0,74.52,175.64,52.64,0
2호기,낮,9,33.8,26.6,51.3,92.35,203.92,53.15,0
1호기,낮,13,34.9,23.5,54.4,88.42,205.12,53.61,0
3호기,낮,9,29.1,25.4,57.0,86.79,221.38,50.41,0
1호기,낮,15,35.2,25.0,48.5,107.40,211.97,54.54,0
3호기,낮,7,24.6,22.7,38.8,106.24,176.18,57.47,0
2호기,낮,16,31.6,24.7,60.2,90.95,215.39,45.83,0
1호기,밤,13,38.2,22.2,49.9,95.65,196.39,59.38,0
3호기,낮,16,25.3,25.1,57.5,106.22,197.27,50.33,0
1호기,밤,0,24.2,26.4,38.3,96.41,216.62,43.54,0
3호기,밤,11,26.5,25.3,40.1,102.40,238.77,53.08,0
1호기,밤,9,35.3,23.8,38.3,88.90,168.15,44.36,0
1호기,밤,13,27.8,29.8,68.6,121.32,165.93,57.40,0
1호기,낮,11,33.0,21.1,59.5,81.91,165.31,50.74,0
1호기,낮,16,30.1,20.8,55.6,114.81,228.57,51.41,0
2호기,낮,14,30.9,24.2,40.3,103.06,187.69,45.39,0
1호기,밤,9,27.1,23.1,46.3,100.79,204.21,47.99,0
3호기,낮,3,32.2,29.2,57.3,113.52,184.22,54.21,0
1호기,낮,6,25.8,22.3,48.8,86.20,195.27,52.57,0
1호기,낮,0,31.9,31.5,52.5,105.85,194.95,50.77,0
1호기,밤,3,28.5,30.1,60.8,92.40,191.53,45.98,0
1호기,낮,,19.2,24.9,47.8,92.43,214.35,44.28,0
1호기,밤,9,27.7,26.9,40.6,95.74,206.68,54.38,0
1호기,밤,13,28.9,30.8,40.2,93.52,175.89,41.85,0
1호기,낮,2,26.8,23.1,52.9,89.41,200.61,46.94,0
3호기,밤,5,22.8,24.7,43.0,99.48,168.12,55.88,0
2호기,밤,8,32.1,24.4,40.1,128.42,234.40,44.39,0
1호기,밤,9,21.5,24.0,42.5,111.70,190.63,52.20,0
2호기,밤,10,29.9,27.8,31.0,102.77,181.97,52.25,0
2호기,밤,8,28.4,28.1,45.4,94.93,191.75,55.38,0
2호기,밤,15,31.6,25.7,33.1,118.80,235.95,49.04,0
1호기,낮,0,32.2,26.6,43.6,97.77,237.10,35.86,0
1호기,낮,8,38.2,22.0,60.2,104.65,191.61,47.41,0
1호기,밤,6,25.0,21.9,36.7,103.41,202.16,57.11,0
2호기,낮,5,29.6,21.8,41.6,90.99,168.27,45.90,0
3호기,낮,4,28.5,26.7,49.5,115.86,218.90,52.67,0
1호기,밤,2,29.7,20.8,41.9,100.29,215.64,30.86,0
1호기,밤,2,41.9,23.3,48.0,110.95,197.01,40.28,0
1호기,밤,13,41.3,18.5,49.5,107.20,199.93,51.10,0
1호기,낮,1,33.3,23.2,51.6,85.40,189.63,51.07,0
2호기,밤,2,,28.3,40.2,92.09,219.50,48.17,0
1호기,낮,0,24.5,31.0,59.6,89.69,211.75,40.33,0
1호기,밤,13,31.5,25.4,37.1,88.34,191.92,45.39,0
1호기,낮,8,30.2,22.8,49.7,106.36,209.45,45.27,0
1호기,낮,8,32.0,23.9,45.9,107.09,156.98,44.37,0
1호기,낮,4,36.7,22.9,42.9,113.42,190.37,57.34,0
2호기,낮,8,26.6,20.3,52.5,101.60,181.40,51.25,0
3호기,낮,7,30.3,22.8,59.8,104.63,209.23,53.01,0
2호기,낮,0,37.8,36.0,59.4,110.45,205.51,44.96,1
2호기,낮,11,35.4,22.2,45.3,102.83,200.75,45.39,0
2호기,밤,14,32.2,27.5,42.6,90.01,171.73,39.47,0
3호기,낮,11,24.5,23.2,47.1,103.45,182.26,49.84,0
1호기,낮,14,27.4,26.4,56.5,102.98,185.95,45.82,0
2호기,낮,0,29.5,24.8,54.1,91.27,187.48,58.68,0
3호기,밤,15,21.0,25.8,47.5,106.72,201.95,43.21,0
2호기,밤,7,27.2,27.3,41.0,80.76,185.14,53.22,0
2호기,밤,16,27.4,24.5,59.8,86.76,199.84,40.26,0
1호기,밤,8,32.6,18.5,51.8,104.68,188.47,49.99,0
3호기,밤,14,18.2,34.3,40.5,88.00,173.47,46.28,1
3호기,낮,12,31.5,32.3,47.9,103.00,172.22,52.64,0
1호기,낮,4,27.7,26.6,54.7,85.64,205.82,49.77,0
3호기,낮,10,34.8,25.7,59.4,113.93,177.46,50.99,0
1호기,낮,1,19.3,25.2,54.5,109.52,175.84,53.46,0
2호기,낮,12,27.9,26.3,58.4,110.04,193.34,48.63,0
1호기,밤,12,35.8,26.7,43.9,99.18,171.99,44.46,0
3호기,낮,4,26.7,23.2,26.3,111.21,195.82,48.89,0
1호기,낮,10,33.2,26.3,61.3,117.86,216.50,56.09,0
2호기,밤,8,29.2,25.3,64.5,109.41,231.45,50.29,0
3호기,밤,2,28.3,22.6,41.7,83.39,166.10,49.61,0
3호기,낮,8,29.6,24.8,57.8,126.12,174.82,53.64,0
3호기,밤,3,30.8,22.6,51.8,95.49,182.32,51.61,0
2호기,밤,6,38.5,27.3,56.5,116.67,193.46,49.62,0
3호기,낮,7,38.6,23.3,45.3,99.37,238.28,51.38,0
3호기,밤,6,39.0,22.7,47.1,91.22,224.62,42.41,0
3호기,낮,9,26.1,22.7,83.9,90.86,225.16,44.03,0
1호기,낮,,38.7,26.4,44.8,110.76,196.09,45.28,0
1호기,낮,12,27.9,21.7,61.9,106.58,210.06,53.56,0
1호기,낮,14,24.3,29.3,33.9,103.35,211.77,57.16,0
2호기,낮,16,,23.1,42.4,99.41,153.06,52.42,0
3호기,낮,2,32.7,28.1,40.4,101.15,202.10,48.78,0
1호기,낮,0,28.3,26.4,39.7,102.54,198.29,56.12,0
3호기,낮,8,35.4,27.2,53.8,94.63,240.75,54.68,0
1호기,밤,13,17.5,28.0,57.5,97.30,192.58,53.66,0
1호기,밤,16,32.3,20.7,37.9,95.05,200.60,46.20,0
2호기,낮,9,40.9,26.6,45.8,99.50,182.21,54.55,0
2호기,밤,11,28.5,24.0,60.9,106.85,199.71,47.56,0
2호기,밤,7,34.2,25.1,49.2,87.29,212.39,46.49,0
1호기,낮,12,21.9,27.3,35.6,96.16,164.70,45.49,0
2호기,낮,1,27.9,24.9,70.5,94.23,217.75,56.51,0
2호기,밤,10,34.2,32.8,41.1,96.41,179.74,52.17,0
1호기,밤,9,21.2,23.6,38.3,90.40,214.06,52.88,0
1호기,낮,3,27.7,29.0,42.6,85.13,195.23,54.45,0
3호기,낮,5,26.8,26.0,49.8,101.06,196.74,45.69,0
1호기,밤,5,43.8,24.2,44.0,99.40,197.36,64.17,0
1호기,낮,15,34.0,25.9,66.1,87.94,218.53,45.79,0
2호기,밤,0,26.4,20.6,43.8,111.05,207.38,43.22,0
2호기,밤,11,29.8,30.4,66.4,115.08,173.48,47.49,0
1호기,밤,3,26.5,27.3,34.2,100.54,198.67,51.13,0
2호기,낮,3,35.6,22.9,57.0,110.29,211.99,41.65,0
1호기,밤,11,33.5,26.0,53.2,105.70,169.13,43.93,0
3호기,밤,5,36.9,26.1,44.5,99.98,168.28,42.10,0
1호기,낮,16,23.7,25.9,33.0,99.63,207.92,38.96,0
1호기,밤,1,46.6,34.0,44.8,88.00,206.72,57.93,1
2호기,밤,4,24.4,22.5,53.0,107.46,214.24,47.92,0
1호기,밤,2,28.7,23.7,43.6,95.05,208.25,48.21,0
1호기,낮,15,19.5,25.5,59.0,84.09,201.24,47.66,0
1호기,낮,5,34.1,24.3,52.2,118.78,222.51,51.05,0
3호기,밤,6,24.5,25.9,48.6,106.59,203.89,46.69,0
2호기,낮,14,30.0,22.5,51.1,103.09,239.12,47.31,0
1호기,밤,11,37.7,23.1,42.0,86.76,194.15,49.35,0
2호기,낮,8,36.8,24.2,49.0,99.57,220.92,46.96,0
3호기,낮,10,28.4,27.0,43.1,97.87,220.17,50.07,0
1호기,낮,9,29.0,27.4,66.0,106.84,176.33,49.94,0
2호기,낮,0,41.6,26.1,51.2,107.76,198.43,48.57,0
2호기,낮,11,31.4,30.3,34.8,97.23,194.09,53.35,0
2호기,밤,4,22.9,24.6,51.3,94.08,193.54,63.69,0
2호기,낮,10,24.8,22.6,40.4,96.39,214.06,53.34,0
1호기,밤,,22.9,25.6,42.1,95.39,219.10,45.21,0
3호기,밤,,23.1,23.7,44.8,115.02,184.52,57.28,0
2호기,밤,0,31.5,28.3,42.7,92.65,214.26,49.28,0
3호기,밤,,28.9,24.7,66.1,95.11,174.37,51.25,0
2호기,밤,3,35.1,24.9,33.5,95.83,171.05,42.82,0
3호기,낮,4,32.0,23.2,41.7,90.25,206.31,48.74,0
3호기,밤,14,26.3,23.5,61.1,95.15,209.72,54.27,0
3호기,밤,0,22.6,24.5,57.7,103.82,193.68,50.05,0
3호기,낮,14,28.3,28.1,47.9,91.40,143.69,39.73,0
1호기,밤,7,17.7,27.6,83.2,83.80,238.99,55.07,0
1호기,밤,7,27.3,22.3,54.3,97.48,213.54,46.51,0
2호기,밤,14,32.7,26.8,53.8,98.56,185.47,41.96,0
3호기,밤,2,16.1,24.3,25.9,92.19,188.99,55.37,0
1호기,낮,13,37.7,26.3,47.3,114.23,160.31,56.20,0
2호기,밤,1,32.0,25.8,44.0,87.00,207.34,46.35,0
1호기,밤,2,34.0,22.6,33.6,99.01,211.80,51.87,0
1호기,낮,0,32.6,18.9,52.4,87.31,205.99,49.30,0
1호기,밤,12,25.4,22.5,63.5,83.46,247.54,55.52,0
2호기,밤,2,20.8,26.3,46.8,102.06,186.87,59.91,0
3호기,밤,16,23.5,19.2,55.0,100.94,230.79,54.80,0
3호기,밤,6,31.0,24.6,68.2,109.85,213.03,52.84,0
2호기,낮,13,27.2,25.4,34.6,103.78,185.45,46.17,0
3호기,밤,13,22.6,24.3,55.0,106.65,206.07,48.26,0
1호기,낮,2,41.5,23.9,52.1,100.91,204.13,52.68,0
2호기,밤,9,,24.1,31.2,104.47,197.90,51.20,0
1호기,낮,3,35.0,26.4,53.3,91.98,185.02,38.71,0
2호기,낮,13,28.3,22.4,59.7,109.45,199.31,47.31,0
1호기,낮,16,28.7,31.3,46.2,107.67,207.60,52.52,0
1호기,낮,,34.5,26.5,57.0,98.62,192.48,63.89,0
3호기,낮,7,28.8,21.2,49.7,99.80,202.61,55.33,0
3호기,낮,12,34.5,23.2,47.8,130.08,200.90,52.51,0
1호기,밤,9,31.0,20.5,44.5,86.56,177.98,52.63,0
2호기,밤,6,38.1,31.0,62.5,110.50,211.67,50.51,0
1호기,낮,0,35.6,25.1,38.1,94.79,218.89,53.18,0
1호기,밤,15,33.4,30.3,32.6,101.78,188.44,46.59,0
3호기,낮,15,30.0,28.0,46.4,101.55,185.55,58.78,0
2호기,낮,7,27.2,31.0,47.7,87.70,198.59,50.02,0
2호기,밤,12,34.8,27.8,53.7,93.67,225.52,45.65,0
2호기,밤,2,28.8,29.0,42.0,95.38,210.23,44.32,0
1호기,낮,2,34.9,27.4,37.5,117.55,196.10,48.92,0
1호기,낮,7,31.5,19.5,59.3,107.38,143.62,49.67,0
1호기,낮,2,25.4,21.5,54.1,101.93,203.50,45.99,0
1호기,밤,9,38.6,24.4,52.2,112.59,196.53,46.99,0
3호기,낮,2,36.0,24.7,43.9,78.28,196.91,42.07,0
2호기,낮,2,32.3,20.8,48.2,118.10,175.81,43.32,0
3호기,밤,2,27.4,23.2,62.7,111.86,219.82,41.33,0
3호기,밤,11,35.0,28.5,51.1,99.32,203.77,38.13,0
1호기,밤,9,27.3,25.1,57.2,85.04,166.64,53.37,0
3호기,밤,13,24.8,21.2,44.3,90.95,157.04,52.14,0
1호기,밤,8,31.0,20.2,40.7,87.93,223.23,51.60,0
1호기,낮,11,30.6,25.6,56.5,93.31,196.30,46.46,0
3호기,낮,4,32.4,24.6,42.7,96.56,206.60,47.95,0
3호기,밤,13,23.4,25.3,61.2,93.25,209.67,50.15,0
3호기,밤,5,30.1,26.4,62.7,93.49,205.71,54.10,0
2호기,밤,5,25.3,26.7,45.6,92.16,206.60,55.45,0
3호기,낮,4,25.6,26.4,54.5,90.73,204.40,46.60,0
1호기,낮,4,34.6,29.7,21.7,106.30,199.18,50.92,0
3호기,밤,3,34.2,22.5,55.1,104.81,180.70,48.34,0
2호기,밤,10,18.9,25.0,33.1,100.66,199.86,49.40,0
1호기,낮,1,31.1,24.3,55.9,91.32,215.45,52.23,0
1호기,낮,3,37.5,24.5,50.7,84.46,212.89,48.13,0
1호기,낮,4,35.5,26.9,35.3,90.60,208.25,46.02,0
3호기,낮,,35.1,26.3,54.0,107.70,163.57,48.73,0
1호기,낮,7,24.7,20.6,50.1,97.17,182.30,45.01,0
2호기,밤,15,26.4,27.0,53.4,110.38,212.04,48.91,0
2호기,밤,8,34.4,26.4,58.1,110.91,212.85,43.27,0
2호기,밤,10,25.3,24.2,34.2,105.39,213.13,48.24,0
1호기,낮,3,28.6,23.2,43.8,109.55,202.35,53.90,0
1호기,낮,6,28.8,26.1,37.3,115.26,149.42,47.11,0
1호기,낮,5,33.4,24.3,69.0,86.37,199.72,64.30,0
2호기,밤,10,,23.8,57.6,93.60,189.91,60.71,0
2호기,낮,2,36.2,23.0,44.6,97.36,178.91,39.32,0
1호기,밤,2,33.9,25.3,63.6,87.80,206.07,52.72,0
1호기,낮,14,32.9,28.0,53.4,103.31,180.46,52.28,0
3호기,밤,15,32.1,20.2,46.4,65.80,180.42,49.08,0
2호기,밤,1,30.2,23.8,54.5,83.74,202.28,62.72,0
3호기,밤,3,26.6,29.8,56.7,101.11,201.26,54.84,0
1호기,낮,13,33.5,27.6,32.4,95.82,190.40,49.87,0
2호기,밤,16,28.3,25.2,45.8,110.51,197.93,48.83,0
3호기,낮,4,28.8,24.7,54.9,95.40,186.80,45.23,0
1호기,밤,13,37.0,27.5,53.3,105.89,206.00,47.34,0
1호기,낮,4,22.5,24.7,60.6,95.20,221.51,45.63,0
3호기,밤,13,24.2,24.8,38.3,101.86,182.06,48.42,0
2호기,밤,0,28.9,25.8,46.6,95.21,228.75,44.52,0
3호기,낮,14,26.0,25.2,34.4,105.02,174.06,50.36,0
2호기,낮,12,28.7,25.1,67.3,87.84,209.63,47.86,0
2호기,밤,16,26.6,24.9,51.7,113.86,200.45,57.31,0
1호기,밤,8,39.4,24.7,56.7,112.76,195.88,43.76,0
1호기,낮,4,26.9,22.8,48.5,104.52,164.08,48.72,0
2호기,밤,9,32.6,29.2,43.1,80.87,195.58,56.45,0
1호기,낮,8,17.7,22.0,51.6,111.30,168.71,48.10,0
2호기,밤,15,30.7,23.8,65.4,123.32,179.03,44.66,0
2호기,낮,15,26.7,26.0,60.4,96.15,192.87,55.35,0
3호기,밤,1,28.3,29.9,44.2,105.00,181.92,57.17,0
2호기,낮,7,32.0,24.0,56.1,98.17,211.09,50.68,0
1호기,낮,4,,27.8,46.9,80.77,206.94,49.50,0
1호기,밤,5,33.3,26.1,46.6,93.20,170.43,50.48,0
3호기,낮,,23.2,23.1,38.0,107.70,213.47,62.06,0
2호기,낮,16,36.5,31.1,36.5,97.77,229.75,52.18,0
3호기,낮,4,41.0,20.4,46.5,95.57,178.07,47.86,0
1호기,밤,2,31.0,27.5,55.6,105.20,226.55,54.86,0
3호기,밤,8,33.7,32.2,37.9,107.12,213.92,52.12,0
2호기,밤,15,29.4,21.2,41.3,107.50,225.76,47.22,0
2호기,낮,,34.0,23.4,56.5,118.32,229.60,55.08,0
2호기,밤,13,26.8,19.3,62.8,106.97,205.78,54.11,0
1호기,낮,4,29.0,21.9,41.8,96.17,164.31,51.52,0
3호기,밤,16,31.9,25.7,43.8,99.21,183.42,47.68,0
2호기,밤,7,32.0,23.2,44.3,98.92,194.72,39.89,0
1호기,낮,12,26.6,22.9,52.9,113.76,199.00,51.55,0
3호기,낮,7,29.8,25.8,53.6,107.82,184.44,47.64,0
3호기,낮,4,33.5,21.4,41.2,105.06,196.45,56.99,0
3호기,밤,8,25.0,24.6,46.7,92.08,214.54,47.83,0
3호기,밤,10,18.8,24.7,60.1,105.29,169.93,46.15,0
2호기,낮,16,31.3,30.0,51.0,104.23,202.09,47.03,0
3호기,낮,8,27.2,25.0,62.3,130.38,153.27,47.00,0
3호기,밤,16,29.6,26.8,46.3,99.90,211.25,43.99,0
1호기,낮,8,21.4,20.3,26.7,99.48,193.27,47.65,0
1호기,밤,12,26.0,28.1,52.2,97.99,178.06,47.82,0
3호기,밤,,29.9,28.5,59.1,102.62,169.11,50.88,0
3호기,밤,15,40.1,27.4,45.3,96.55,214.88,50.19,0
1호기,낮,7,26.1,21.0,57.6,102.19,257.46,52.50,0
2호기,밤,2,22.9,21.8,47.2,95.59,170.81,53.52,0
2호기,낮,0,38.2,27.4,52.4,100.03,206.15,55.22,0
2호기,낮,2,22.9,25.1,58.8,100.04,217.08,51.67,0
3호기,밤,7,40.3,28.3,55.3,94.03,187.55,48.30,0
2호기,밤,12,27.2,24.9,50.4,80.21,209.72,46.56,0
1호기,밤,11,24.3,27.0,44.1,95.85,167.00,48.63,0
3호기,낮,2,,25.2,44.0,94.89,232.36,53.96,0
2호기,밤,3,26.4,27.2,61.6,88.68,194.06,55.31,0
2호기,밤,1,29.5,22.5,57.4,117.92,212.92,58.93,0
1호기,밤,11,26.7,19.6,63.8,80.71,190.80,36.98,0
2호기,밤,2,39.6,22.6,59.4,100.24,191.37,45.80,0
2호기,낮,12,29.7,30.9,62.2,93.13,217.68,45.40,0
1호기,낮,10,36.9,25.2,69.5,97.29,216.21,58.11,0
3호기,밤,1,26.9,27.4,53.7,104.20,200.65,52.40,0
3호기,낮,9,33.4,21.2,42.3,97.19,147.41,55.18,0
1호기,밤,8,30.8,24.3,45.8,95.41,196.50,55.16,0
2호기,낮,11,32.4,25.3,45.0,98.81,195.35,50.87,0
1호기,밤,,35.3,20.4,71.1,105.35,179.46,56.29,0
1호기,밤,10,36.0,20.7,48.6,86.33,184.89,45.39,0
1호기,낮,2,35.9,22.0,56.0,97.61,212.46,51.73,0
1호기,밤,9,25.4,18.2,50.8,94.89,214.08,52.66,0
1호기,밤,,36.5,21.0,55.8,86.89,209.91,58.31,0
2호기,낮,7,25.5,25.5,50.5,112.17,190.00,44.22,0
1호기,밤,8,30.9,23.5,70.4,103.95,214.53,45.69,0
2호기,밤,,32.4,25.7,62.5,84.92,173.30,54.79,0
1호기,낮,2,20.0,26.0,64.1,107.35,207.06,61.80,0
3호기,밤,7,29.3,29.1,43.4,89.36,185.02,41.64,0
2호기,낮,4,33.5,22.9,30.3,108.29,169.51,46.62,0
3호기,낮,9,28.8,21.9,66.9,92.90,173.47,50.57,0
3호기,낮,14,32.6,22.6,33.3,105.47,197.58,49.18,0
3호기,밤,14,33.1,29.4,49.8,100.52,217.93,50.21,0
2호기,밤,16,28.5,25.3,43.5,97.92,186.96,52.93,0
2호기,밤,16,20.5,27.1,32.5,101.38,204.22,44.44,0
3호기,낮,5,26.6,24.2,33.2,95.54,207.05,54.32,0
1호기,낮,7,30.7,20.1,60.6,99.94,219.06,49.50,0
3호기,낮,14,22.5,22.1,47.5,88.98,155.52,59.58,0
3호기,낮,6,25.4,22.3,58.8,105.20,189.31,51.04,0
2호기,밤,5,24.7,24.4,46.2,102.86,198.99,50.89,0
1호기,낮,13,36.2,22.5,44.2,86.78,180.48,43.39,0
2호기,낮,12,24.1,25.7,40.5,102.96,180.39,48.11,0
3호기,밤,15,31.9,24.9,72.0,82.93,215.73,57.25,0
2호기,낮,6,36.4,30.0,45.7,95.05,198.69,45.68,0
3호기,밤,6,26.9,29.9,60.4,96.68,233.69,49.48,0
1호기,낮,5,29.4,28.1,47.0,111.42,189.45,39.95,0
1호기,밤,9,37.6,26.8,58.4,90.26,189.52,58.70,0
1호기,밤,15,40.2,28.2,52.5,87.07,177.20,48.53,0
3호기,밤,15,26.3,29.4,66.1,89.99,183.89,53.52,0
3호기,낮,5,37.9,25.2,58.3,108.74,184.31,42.15,0
1호기,낮,3,26.6,19.9,40.2,102.64,194.42,54.45,0
1호기,밤,11,26.5,25.7,30.4,96.78,177.75,43.68,0
1호기,낮,9,29.4,24.4,57.3,104.74,244.65,45.60,0
1호기,낮,7,35.1,24.7,44.6,105.73,217.17,43.32,0
3호기,밤,6,27.9,27.1,35.2,122.13,196.16,47.35,0
1호기,낮,13,36.9,25.2,47.2,83.26,212.22,39.74,0
1호기,밤,1,24.3,21.3,37.4,100.60,209.36,49.59,0
1호기,밤,7,37.7,27.4,43.9,84.54,202.75,49.61,0
1호기,밤,5,25.5,28.5,59.7,105.12,204.15,54.55,0
2호기,밤,6,21.3,29.0,56.1,81.16,217.71,43.80,0
2호기,밤,0,33.6,24.3,32.0,97.65,211.32,47.56,0
2호기,밤,8,29.7,19.9,46.5,89.52,177.96,45.42,0
3호기,낮,5,27.5,28.1,36.1,65.01,221.22,50.69,0
2호기,밤,8,32.6,30.1,36.1,120.84,184.57,49.95,0
2호기,낮,5,24.0,27.7,50.8,111.43,177.16,43.44,0
1호기,밤,10,29.1,23.8,45.1,93.44,182.64,48.35,0
3호기,밤,7,30.9,22.6,41.8,90.86,203.59,53.98,0
1호기,밤,0,29.5,27.4,45.9,103.69,214.52,41.58,0
2호기,낮,8,28.6,24.7,48.0,90.35,187.04,42.74,0
3호기,낮,11,37.1,24.3,62.4,79.82,202.61,47.56,1
3호기,밤,6,35.8,26.1,64.7,113.41,231.00,49.18,0
2호기,밤,10,31.4,25.6,37.5,88.22,190.32,49.83,0
1호기,낮,11,27.3,21.6,47.9,85.35,216.20,56.52,0
1호기,밤,13,34.4,31.4,52.0,97.10,211.06,43.93,0
1호기,낮,7,32.8,27.2,41.7,103.27,242.00,49.53,0
2호기,밤,5,32.3,25.7,63.5,99.11,200.87,48.52,0
1호기,밤,7,26.1,25.5,53.0,103.26,167.82,47.19,0
1호기,낮,2,35.9,28.7,35.6,114.64,216.17,54.20,0
2호기,밤,16,30.3,23.8,59.0,98.60,193.84,46.76,0
1호기,밤,7,26.6,21.4,57.1,92.37,182.18,51.78,0
3호기,낮,10,30.7,27.3,54.4,83.93,203.05,47.46,0
2호기,낮,11,27.3,28.3,54.1,109.65,208.97,49.62,0
2호기,밤,1,25.9,21.8,53.5,109.30,224.37,54.57,0
3호기,밤,0,27.9,27.8,52.2,96.47,222.01,43.90,1
2호기,낮,3,19.4,25.6,62.9,104.93,198.56,38.22,0
1호기,밤,15,28.5,24.1,47.1,90.42,199.38,45.13,0
2호기,낮,0,21.0,28.5,20.4,127.24,191.47,48.71,1
3호기,낮,12,23.7,23.5,54.5,99.61,183.71,44.81,0
1호기,낮,16,22.5,22.3,56.9,102.24,172.80,58.67,0
2호기,낮,0,25.8,26.6,43.9,107.34,196.69,42.96,0
1호기,낮,16,,23.2,65.5,92.92,209.77,56.22,0
3호기,밤,2,29.4,22.7,48.2,100.18,257.47,47.29,0
2호기,낮,12,27.1,26.5,48.4,98.79,237.97,51.78,0
1호기,낮,0,30.7,20.7,52.0,93.71,204.08,51.03,0
2호기,낮,5,31.0,26.8,47.9,113.64,215.52,55.77,0
1호기,밤,10,21.5,27.7,66.7,110.16,207.66,52.07,0
3호기,밤,7,24.2,24.9,51.6,90.88,204.74,46.26,0
2호기,밤,4,35.0,31.7,43.0,93.12,190.74,57.27,0
2호기,낮,1,32.7,18.8,48.3,105.11,174.53,41.79,0
3호기,밤,12,21.2,25.3,41.5,99.68,192.85,54.28,0
1호기,밤,11,26.5,22.3,38.8,103.29,202.26,50.20,0
1호기,밤,16,,25.4,51.0,96.44,209.03,49.95,0
2호기,밤,10,17.6,22.4,34.7,108.10,190.71,49.40,0
2호기,밤,4,25.7,27.0,46.6,97.14,168.60,57.99,0
2호기,밤,3,30.0,24.4,62.2,100.46,177.26,52.79,0
1호기,밤,10,30.2,25.5,47.6,101.36,194.61,50.16,0
1호기,낮,2,20.0,21.8,35.3,103.40,145.61,56.77,0
2호기,밤,1,38.8,23.8,53.6,109.19,176.98,44.59,0
3호기,낮,9,27.4,24.7,54.5,97.63,188.59,44.55,0
1호기,밤,3,25.4,24.4,48.4,104.30,174.90,59.32,0
2호기,낮,15,29.4,23.5,40.5,94.73,214.70,51.88,0
2호기,낮,13,31.1,32.2,66.5,112.69,205.76,59.89,0
3호기,낮,0,29.4,28.3,52.7,102.76,162.97,55.70,0
3호기,낮,15,39.5,23.7,69.1,104.95,172.62,50.72,0
3호기,밤,5,29.4,25.8,26.1,109.58,217.42,43.65,0
1호기,낮,8,28.1,32.1,62.0,80.50,211.99,56.16,0
2호기,낮,1,26.0,24.9,69.1,108.24,193.14,58.81,0
1호기,낮,6,29.9,20.1,28.8,98.33,223.54,52.95,0
1호기,밤,9,38.4,24.6,51.4,118.60,192.95,52.84,0
2호기,밤,12,35.7,21.9,58.0,97.00,203.49,59.62,0
3호기,밤,12,31.4,27.5,58.3,95.14,220.63,54.24,0
3호기,밤,6,22.5,24.7,42.3,102.46,225.59,47.02,0
1호기,밤,16,30.4,26.1,59.6,88.91,225.01,56.14,0
3호기,낮,11,24.3,25.0,40.7,102.00,203.90,46.07,0
3호기,낮,16,34.3,18.0,44.4,100.94,183.78,43.52,0
1호기,밤,11,26.1,29.1,44.0,93.06,203.87,42.77,0
1호기,밤,7,35.1,22.8,50.3,103.33,199.48,45.50,0
2호기,밤,1,26.7,23.5,50.0,99.16,178.98,50.67,0
2호기,낮,13,29.3,21.6,63.1,101.17,226.10,47.06,0
3호기,낮,8,26.6,23.1,58.7,101.96,225.39,43.81,0
1호기,밤,13,,23.9,27.8,104.79,186.88,48.43,0
3호기,낮,1,38.3,22.9,66.1,83.69,184.09,54.95,0
2호기,밤,3,32.3,26.9,51.2,116.18,201.64,47.50,0
3호기,낮,10,27.9,22.9,55.4,86.39,197.04,46.58,0
1호기,밤,4,29.4,20.5,48.5,105.38,190.15,56.08,0
3호기,밤,8,27.5,21.0,49.7,101.05,162.82,53.68,0
3호기,밤,14,,27.0,59.0,99.85,164.92,47.36,0
2호기,밤,14,25.4,28.3,39.4,108.07,219.58,48.87,0
1호기,낮,1,25.5,25.9,53.7,93.78,165.62,43.79,0
3호기,낮,1,,32.2,40.8,99.78,230.34,52.55,0
1호기,낮,8,28.3,21.6,37.9,97.41,186.70,57.14,0
2호기,낮,1,34.4,24.2,30.6,94.97,161.77,36.60,0
3호기,낮,16,29.4,19.6,49.1,90.43,185.25,44.73,0
1호기,낮,11,,24.8,44.4,107.83,192.94,42.83,0
3호기,밤,0,27.7,21.6,36.9,99.15,177.55,49.66,0
3호기,낮,15,24.6,25.8,46.0,108.47,179.54,46.44,0
2호기,낮,10,29.9,30.5,43.3,105.68,187.55,42.91,0
1호기,밤,8,26.4,28.1,59.3,94.44,220.44,49.60,0
1호기,낮,5,19.9,25.4,54.8,82.09,197.63,59.75,0
2호기,밤,0,18.7,24.2,33.9,106.55,193.96,47.03,0
3호기,밤,3,22.8,31.4,48.7,103.21,214.77,47.51,0
3호기,밤,12,32.8,24.1,44.4,108.33,200.95,42.17,0
1호기,낮,8,29.6,27.1,69.0,97.29,162.04,55.25,0
1호기,낮,11,26.5,20.4,50.7,88.06,173.53,45.89,0
2호기,밤,15,34.4,27.2,59.1,93.78,204.35,47.68,0
2호기,낮,14,28.2,24.1,41.5,114.07,200.32,55.47,0
2호기,낮,16,22.2,26.3,28.5,88.28,201.60,49.34,0
2호기,낮,0,28.2,22.4,48.4,92.48,237.35,44.38,0
1호기,밤,5,27.5,17.1,54.2,123.23,209.57,54.91,0
2호기,밤,13,33.6,20.9,55.4,99.64,181.72,49.22,0
1호기,낮,2,28.8,24.2,27.7,105.24,240.77,43.45,0
1호기,밤,12,23.4,21.9,67.1,95.21,210.79,49.93,0
1호기,낮,16,28.3,27.9,60.7,98.86,199.53,50.63,0
1호기,밤,16,31.4,25.8,33.7,112.04,195.01,44.39,0
2호기,낮,10,38.4,25.3,40.2,102.38,178.82,53.82,0
3호기,밤,1,27.7,24.9,31.9,103.81,173.57,48.89,0
2호기,밤,2,34.5,25.5,56.2,88.59,194.28,47.75,0
1호기,낮,7,33.1,26.8,61.2,98.19,208.42,46.98,0
1호기,밤,0,26.4,28.0,41.2,99.17,194.83,55.43,0
3호기,밤,14,,23.4,45.2,104.19,195.42,50.22,0
1호기,밤,1,31.2,21.9,31.1,97.25,190.24,61.00,0
2호기,밤,6,32.7,27.5,50.1,89.17,216.10,53.09,0
3호기,낮,11,26.6,25.9,48.5,84.38,202.85,55.48,0
1호기,밤,12,31.8,23.8,29.8,114.09,226.98,52.89,0
1호기,밤,11,30.1,27.6,49.3,110.21,189.04,50.14,0
3호기,낮,14,30.4,24.9,62.0,109.51,184.27,52.73,0
1호기,밤,14,29.9,22.4,38.6,94.38,194.89,45.82,0
1호기,낮,15,33.6,26.2,49.7,96.15,195.28,51.32,0
2호기,낮,16,26.5,21.2,50.0,90.06,159.09,53.84,0
2호기,낮,12,23.8,29.2,52.4,96.82,216.24,47.38,0
1호기,낮,16,27.4,24.5,52.9,108.91,216.25,46.01,0
1호기,낮,3,27.0,25.4,67.9,93.24,223.11,57.25,0
3호기,밤,15,30.6,28.6,52.3,101.77,202.31,53.06,0
1호기,밤,2,32.4,26.0,46.3,113.51,217.23,52.98,0
1호기,밤,16,35.3,25.2,42.1,97.91,236.70,41.62,0
3호기,낮,2,29.0,23.8,44.2,98.39,182.66,55.21,0
3호기,밤,3,28.6,27.5,46.8,112.57,210.18,48.61,0
2호기,낮,5,24.8,19.7,42.8,105.47,195.28,49.56,0
1호기,밤,2,25.2,25.4,53.1,120.33,182.77,55.84,0
3호기,낮,8,31.1,23.7,62.2,82.26,209.64,51.14,0
1호기,밤,3,32.6,24.8,53.7,105.96,204.46,47.25,0
1호기,밤,3,25.9,23.5,53.2,108.74,205.61,51.57,0
1호기,밤,6,32.2,22.9,55.0,107.60,209.51,50.98,0
1호기,낮,4,29.5,27.0,43.1,112.51,216.80,50.58,0
3호기,밤,2,31.5,30.4,65.2,104.97,210.03,45.68,0
3호기,밤,8,29.0,27.9,44.6,87.20,228.55,48.03,0
1호기,낮,4,31.0,27.0,56.9,109.43,225.61,46.20,0
2호기,낮,0,24.7,23.6,46.6,105.61,183.59,46.03,0
1호기,낮,0,13.0,24.3,41.8,101.48,178.02,52.70,0
2호기,밤,1,31.6,30.9,44.1,96.19,177.62,53.43,0
1호기,낮,13,32.3,25.4,37.1,95.96,201.16,62.58,0
1호기,낮,2,,21.9,48.5,108.59,193.06,50.07,0
1호기,밤,10,33.0,25.8,57.5,105.89,181.06,49.91,0
2호기,밤,3,37.4,25.6,41.8,112.71,186.05,51.28,0
2호기,낮,0,29.5,24.0,65.3,99.03,169.24,55.79,0
2호기,밤,4,22.6,24.9,49.0,97.29,210.36,54.93,0
2호기,낮,,32.5,23.4,48.9,95.56,214.14,59.57,0
3호기,밤,0,33.0,25.5,49.2,98.11,218.14,43.85,0
3호기,밤,8,33.2,22.5,64.8,92.92,192.68,48.37,0
2호기,낮,11,23.3,30.3,53.4,100.53,182.04,55.66,0
1호기,밤,13,35.1,26.9,44.3,85.05,196.09,57.77,0
1호기,밤,12,25.2,29.9,47.8,97.03,192.09,58.97,0
3호기,낮,12,20.5,24.2,59.3,96.17,215.32,49.29,0
2호기,낮,10,33.3,30.1,60.6,108.30,218.17,56.05,0
2호기,밤,13,24.7,26.9,57.4,120.93,152.02,54.10,0
2호기,밤,1,23.5,22.8,44.6,98.74,175.78,58.34,0
1호기,밤,12,31.4,25.0,60.9,112.56,193.11,53.85,0
1호기,낮,8,31.8,23.7,47.2,97.53,179.77,47.66,0
1호기,낮,12,31.7,25.5,51.2,118.13,227.60,52.08,0
3호기,밤,3,24.4,24.4,43.3,89.16,212.93,55.13,0
3호기,밤,12,37.3,22.1,62.7,96.70,195.06,53.64,0
2호기,낮,0,31.6,24.1,49.9,92.75,223.40,47.66,0
1호기,낮,10,27.0,25.8,51.1,110.09,179.78,56.89,0
1호기,밤,6,38.2,23.7,44.0,89.65,213.17,49.07,0
2호기,낮,4,24.9,21.4,64.3,107.02,169.75,46.30,0
2호기,낮,12,33.2,32.1,59.2,122.68,207.26,50.28,0
1호기,밤,4,35.3,23.7,32.0,105.27,175.25,51.99,0
1호기,밤,3,30.4,24.8,44.2,102.72,223.57,54.35,0
2호기,낮,3,23.4,28.3,43.3,102.47,216.34,48.57,0
1호기,밤,13,26.6,21.1,35.3,93.38,220.71,50.08,0
1호기,낮,5,25.5,22.6,44.1,111.10,181.48,52.28,0
1호기,낮,,33.7,26.9,55.9,106.44,164.07,54.93,0
2호기,낮,6,30.2,26.6,55.1,94.10,183.03,58.31,0
2호기,밤,6,38.0,28.3,49.5,95.71,191.38,48.32,0
2호기,낮,6,31.0,22.3,26.1,83.62,173.94,47.48,0
1호기,밤,8,28.4,26.9,69.4,93.26,178.73,46.78,0
2호기,낮,11,30.7,21.2,55.3,101.03,173.12,48.74,0
1호기,밤,1,24.1,27.6,57.2,89.17,213.16,51.00,0
3호기,낮,3,29.3,29.2,61.8,105.79,190.78,49.38,0
1호기,낮,13,25.3,21.1,70.3,103.62,200.36,50.84,0
1호기,낮,10,27.6,25.2,44.7,100.16,172.61,46.56,0
1호기,낮,10,24.1,21.5,52.4,93.43,187.21,45.59,0
1호기,낮,12,30.0,23.1,59.3,97.31,194.68,61.42,0
2호기,낮,15,22.6,29.9,49.3,101.81,208.91,47.55,0
1호기,낮,6,17.8,21.0,52.5,83.51,220.65,52.46,0
2호기,밤,10,31.8,27.3,60.3,92.81,163.66,42.38,0
1호기,낮,16,,29.1,45.3,105.32,183.64,42.96,0
2호기,낮,10,36.3,20.7,55.2,80.06,211.86,58.08,0
1호기,밤,15,22.4,25.4,37.9,93.59,163.90,50.19,0
1호기,낮,12,28.5,26.9,50.1,100.01,211.04,50.00,0
3호기,밤,,33.1,25.3,40.9,97.20,203.71,52.34,0
1호기,낮,14,34.5,25.9,58.8,88.10,186.80,51.55,0
1호기,밤,,35.8,25.2,60.5,96.36,191.79,56.70,0
2호기,낮,16,28.4,24.8,70.9,98.15,194.52,47.46,0
1호기,낮,9,24.3,23.7,37.5,99.09,229.46,54.06,0
2호기,밤,4,31.3,21.4,55.7,107.13,210.75,45.69,0
2호기,낮,13,29.2,28.1,61.3,93.86,211.73,48.28,0
3호기,낮,12,24.3,25.4,37.4,81.72,197.44,46.95,0
1호기,밤,2,29.3,26.4,64.0,105.16,221.64,54.86,0
3호기,밤,15,37.6,25.0,36.4,100.02,211.41,51.33,0
2호기,밤,5,31.5,19.6,57.2,106.27,195.73,55.46,0
2호기,낮,4,28.2,24.6,42.3,96.33,223.70,43.58,0
1호기,밤,10,19.8,25.7,47.9,98.89,201.08,52.60,0
1호기,낮,5,30.3,25.3,55.4,85.90,211.21,51.29,0
2호기,낮,7,32.0,24.5,51.0,93.24,219.46,54.29,0
3호기,낮,11,27.4,30.9,43.2,112.88,210.26,49.66,0
2호기,밤,9,28.3,22.0,23.5,106.73,215.39,51.22,0
3호기,낮,6,29.6,26.0,52.2,128.16,202.94,45.55,0
2호기,밤,1,23.2,29.1,55.1,93.27,171.81,47.10,0
2호기,밤,,41.5,29.9,45.9,93.77,203.43,53.37,0
3호기,밤,3,26.1,18.4,47.3,95.48,235.20,49.94,0
1호기,낮,0,35.3,27.6,53.4,106.88,216.23,45.89,0
3호기,낮,16,35.4,24.4,36.2,99.34,195.57,54.82,0
2호기,밤,11,36.6,14.3,71.6,94.35,182.29,47.17,0
1호기,낮,13,,24.6,52.9,101.16,228.32,35.45,0
3호기,낮,4,33.4,23.9,45.4,88.51,213.28,47.87,0
2호기,밤,7,30.7,31.1,56.9,101.57,221.14,45.80,0
2호기,밤,8,34.4,25.6,54.3,84.88,189.81,41.70,0
2호기,밤,15,30.4,20.1,49.8,105.81,194.90,57.23,0
3호기,낮,7,19.9,27.6,47.3,96.18,214.42,52.76,0
2호기,낮,0,35.2,20.7,35.3,92.77,213.88,49.38,0
3호기,낮,6,27.7,24.8,47.0,112.06,216.00,49.98,0
2호기,낮,2,31.2,23.1,54.2,98.10,205.59,48.43,0
3호기,밤,13,32.2,27.3,37.2,98.24,165.84,38.75,0
2호기,밤,13,38.6,24.9,45.4,97.78,161.10,44.86,0
3호기,낮,3,28.6,20.0,53.3,97.59,204.81,49.76,0
1호기,낮,12,29.6,19.9,46.6,102.47,204.43,50.28,0
1호기,밤,1,38.5,28.6,52.7,94.87,209.39,54.45,0
3호기,낮,14,36.2,26.6,49.2,83.40,179.01,52.61,0
2호기,밤,2,32.8,26.7,55.8,89.94,243.60,46.07,0
3호기,밤,11,33.7,22.5,59.8,86.87,222.58,41.69,0
3호기,밤,7,28.0,21.7,39.6,123.60,223.61,48.10,0
3호기,낮,,29.4,25.9,37.2,77.81,199.13,58.43,0
1호기,밤,11,31.4,22.0,31.8,100.00,181.74,47.41,0
1호기,낮,8,24.5,27.2,47.5,113.00,177.70,50.68,0
2호기,낮,10,21.9,25.5,62.3,89.83,191.51,47.84,0
1호기,밤,14,25.5,31.8,55.3,104.38,197.48,44.64,0
1호기,밤,,25.7,31.5,57.3,102.84,209.47,58.80,1
2호기,낮,15,33.5,25.6,38.5,89.75,162.98,45.39,0
1호기,낮,11,26.7,25.0,46.9,114.59,189.76,52.67,0
3호기,밤,10,39.2,29.1,43.9,101.09,178.27,51.02,0
1호기,밤,1,32.5,21.9,27.5,100.64,216.70,49.67,0
2호기,밤,11,30.2,26.8,37.3,93.94,203.81,38.31,0
1호기,밤,,37.5,28.8,41.3,102.05,237.95,52.79,0
1호기,밤,4,25.7,24.2,43.2,94.13,192.05,42.69,0
1호기,낮,7,31.3,24.1,54.3,86.27,188.65,53.46,0
1호기,낮,14,30.4,28.6,43.1,74.40,207.23,48.92,0
1호기,낮,13,20.9,25.0,40.3,102.49,212.56,52.49,0
1호기,밤,5,17.1,26.4,53.8,97.07,182.37,53.14,0
2호기,낮,11,28.7,21.7,41.4,97.60,221.83,44.35,0
3호기,낮,5,23.3,26.8,60.2,98.44,184.83,47.95,0
1호기,낮,0,25.1,30.9,56.6,97.28,201.86,48.45,0
2호기,낮,10,29.9,26.1,47.9,117.15,191.07,49.53,0
2호기,낮,14,26.7,26.8,40.8,94.58,193.69,60.01,0
3호기,밤,16,40.9,27.2,34.4,113.44,157.41,49.40,0
3호기,밤,6,40.4,26.4,49.8,104.33,182.91,56.46,0
2호기,낮,5,27.9,29.6,32.8,102.94,237.38,45.58,0
2호기,낮,3,29.3,25.6,66.8,118.47,189.72,53.70,0
1호기,낮,12,23.6,23.6,40.4,98.36,201.86,51.71,0
2호기,밤,7,21.7,25.3,57.0,97.43,208.17,42.44,0
2호기,낮,3,33.9,20.4,50.6,95.05,216.52,45.39,0
2호기,밤,14,25.5,25.1,57.5,110.12,197.73,54.74,0
3호기,낮,12,26.1,25.2,39.9,99.53,227.92,54.58,0
1호기,낮,15,30.7,25.6,25.6,93.63,197.68,46.69,0
1호기,낮,2,22.9,25.6,45.4,79.96,186.40,49.57,0
2호기,밤,5,36.0,28.9,60.8,111.25,190.86,49.68,0
1호기,밤,0,29.9,29.7,57.2,108.35,206.44,54.64,0
2호기,밤,6,,27.1,55.4,100.42,171.61,45.60,0
3호기,낮,12,29.8,24.3,50.5,99.21,204.02,58.09,0
1호기,밤,11,22.6,21.6,25.6,101.17,176.30,46.10,0
1호기,밤,4,33.0,27.2,65.4,98.70,164.88,51.91,0
1호기,낮,7,39.1,23.3,49.2,95.41,212.01,56.36,0
2호기,밤,1,28.0,25.7,74.0,95.64,169.55,47.14,0
3호기,낮,12,29.7,22.4,35.3,101.09,175.85,60.28,0
1호기,낮,12,25.4,24.8,46.1,97.43,212.67,48.46,0
2호기,낮,12,29.1,24.4,45.5,79.53,156.73,47.21,0
2호기,낮,0,21.2,26.2,61.0,100.18,209.08,50.46,0
3호기,밤,4,24.3,29.0,45.6,106.01,192.70,42.09,0
2호기,밤,,45.4,24.2,41.9,113.19,190.68,48.52,0
1호기,밤,11,32.5,28.7,47.2,102.15,190.36,45.94,0
2호기,낮,6,23.4,28.3,31.5,83.44,239.45,46.65,0
2호기,낮,2,32.4,18.0,54.1,108.21,159.03,52.41,0
3호기,낮,1,30.0,24.3,60.0,101.21,177.60,42.90,0
1호기,밤,,25.4,26.7,29.4,99.49,214.30,54.57,0
1호기,밤,7,27.9,25.3,45.5,101.79,200.49,58.27,0
2호기,밤,14,30.6,28.5,37.0,99.87,191.11,38.15,0
2호기,밤,8,29.2,26.1,51.2,94.91,195.25,57.93,0
2호기,낮,11,22.9,28.1,63.2,117.89,176.90,46.23,0
1호기,밤,3,31.8,27.1,42.9,105.90,165.10,51.39,0
1호기,밤,12,34.6,20.3,66.8,105.32,211.83,55.44,0
3호기,밤,0,34.1,26.3,49.3,114.54,214.70,50.90,0
3호기,낮,12,29.7,26.5,47.2,83.16,192.90,41.52,0
1호기,낮,3,41.3,24.2,60.9,91.58,218.50,44.13,0
3호기,낮,3,37.1,26.3,52.3,106.77,196.60,40.74,0
2호기,낮,16,35.0,26.4,43.8,89.01,208.29,40.77,0
1호기,밤,6,25.3,30.7,46.3,73.33,176.26,41.17,0
3호기,낮,9,37.1,29.8,45.6,108.51,184.14,46.67,0
1호기,밤,9,31.6,24.8,50.7,95.00,215.23,52.07,0
1호기,밤,11,21.4,27.7,35.3,107.50,198.08,52.49,0
2호기,낮,12,29.6,24.6,63.7,100.53,222.30,64.31,0
1호기,밤,2,21.1,25.8,42.2,93.49,189.76,50.95,0
2호기,낮,1,,26.8,26.6,97.59,218.32,56.62,0
3호기,밤,9,35.4,17.6,62.6,79.88,174.51,53.19,0
2호기,밤,2,25.6,21.8,65.6,108.87,191.83,46.21,0
1호기,낮,13,24.1,26.3,39.9,101.78,179.41,56.35,0
1호기,낮,8,34.8,18.9,52.1,101.77,209.83,49.98,0
1호기,낮,7,34.2,28.3,44.3,85.02,196.75,55.62,0
1호기,낮,7,33.4,29.4,55.1,116.73,187.53,52.88,0
2호기,밤,8,25.6,29.6,49.0,107.61,183.19,49.42,1
2호기,밤,9,25.0,25.4,60.7,118.18,213.59,44.64,0
1호기,밤,0,28.4,24.6,36.1,107.82,224.78,55.12,0
1호기,밤,11,,21.4,58.1,108.01,211.60,46.84,0
3호기,밤,3,32.0,18.3,34.2,93.80,192.45,39.83,0
1호기,밤,3,21.4,23.5,47.9,101.53,184.13,40.11,0
1호기,밤,0,33.6,24.3,43.8,113.81,166.80,50.55,0
2호기,낮,16,26.0,24.8,47.1,87.13,170.08,46.29,0
2호기,낮,2,30.8,19.4,58.7,108.02,164.10,44.45,0
1호기,낮,5,36.9,22.6,34.6,113.05,188.97,38.19,0
3호기,낮,4,27.3,31.2,43.9,89.75,169.64,55.72,0
3호기,밤,9,25.3,25.7,49.6,91.52,208.87,51.84,0
2호기,낮,15,37.7,26.3,66.6,92.62,202.03,50.81,0
1호기,밤,5,31.4,22.2,44.4,123.09,202.09,54.02,0
2호기,밤,0,27.6,25.7,48.9,108.38,230.20,43.29,0
3호기,밤,11,33.9,25.4,64.1,97.34,225.29,47.14,0
3호기,낮,10,29.7,26.9,57.9,97.38,169.51,57.05,0
3호기,밤,2,32.4,21.6,34.8,115.10,192.44,48.08,0
2호기,밤,8,22.4,18.3,66.6,95.93,217.42,54.46,0
3호기,낮,1,34.3,26.4,50.0,102.17,196.72,50.17,0
1호기,밤,16,28.4,20.5,47.8,103.20,193.14,54.82,0
2호기,낮,8,22.5,21.0,22.2,105.27,181.72,61.81,0
3호기,밤,8,28.9,21.9,56.2,128.56,177.01,46.14,0
1호기,밤,16,33.1,29.4,42.0,95.25,173.60,56.49,0
1호기,낮,5,28.0,19.9,43.3,91.66,207.99,52.18,0
1호기,낮,14,28.7,24.9,67.1,101.42,206.36,51.15,0
3호기,낮,4,39.6,28.7,46.2,103.03,207.73,45.61,0
2호기,밤,0,35.5,22.7,51.3,120.63,212.93,42.28,0
3호기,낮,13,23.6,25.5,39.7,94.82,174.57,50.23,0
2호기,밤,2,30.5,26.4,57.9,108.13,183.99,44.98,0
2호기,낮,6,34.8,30.2,66.8,88.16,188.89,55.44,0
3호기,밤,3,34.7,27.1,54.2,89.47,181.70,58.62,0
1호기,낮,10,28.9,25.9,40.7,111.71,201.51,50.17,0
2호기,낮,11,,25.8,51.8,110.52,225.78,49.98,0
1호기,낮,11,30.3,29.3,57.7,101.06,219.19,60.19,0
3호기,낮,5,29.9,27.8,34.0,96.03,220.70,37.86,0
1호기,낮,0,,24.2,49.6,104.17,214.53,52.17,0
1호기,밤,15,35.2,24.7,52.4,80.28,185.08,54.87,0
2호기,낮,14,30.5,25.6,44.2,112.92,218.71,57.46,0
1호기,밤,10,38.8,22.7,63.4,92.16,215.29,47.17,0
1호기,낮,2,33.9,29.5,39.6,81.43,205.98,49.71,0
2호기,밤,3,35.9,21.2,54.7,107.98,196.07,56.67,0
1호기,밤,11,29.9,20.8,53.4,87.03,200.99,53.77,0
3호기,낮,14,24.9,29.9,45.6,85.74,213.92,56.98,0
2호기,밤,5,26.5,24.8,52.1,105.44,185.84,50.22,0
1호기,밤,5,30.9,21.3,39.8,91.96,213.53,47.42,0
2호기,밤,7,30.9,28.0,42.7,116.77,201.50,53.75,0
2호기,낮,7,29.7,24.2,39.2,81.31,174.97,40.70,0
3호기,밤,0,29.2,19.0,40.2,79.74,188.84,62.47,0
1호기,밤,14,25.0,22.0,43.9,89.51,166.39,54.07,0
3호기,낮,2,29.8,20.7,64.9,86.50,192.92,46.03,0
2호기,밤,13,25.8,24.0,34.2,94.51,224.33,57.54,0
1호기,낮,16,31.0,26.5,39.2,92.46,236.76,45.49,0
2호기,밤,13,31.9,24.5,54.7,107.14,207.52,44.77,0
2호기,낮,5,44.0,28.2,49.5,99.34,184.33,51.88,0
3호기,낮,13,33.8,25.3,58.3,95.37,211.16,50.43,0
2호기,낮,9,31.7,24.7,47.6,95.87,216.08,46.23,0
2호기,밤,9,31.8,22.8,38.4,102.86,192.29,59.29,0
3호기,낮,,25.8,24.6,45.9,90.34,213.50,51.13,0
3호기,밤,13,27.8,26.0,49.7,119.02,196.80,51.04,0
2호기,낮,13,31.3,28.8,63.6,93.55,183.08,47.21,0
3호기,밤,7,24.3,23.8,50.3,89.62,213.12,46.64,0
3호기,밤,13,22.6,23.3,63.6,104.31,228.91,43.21,0
2호기,낮,10,21.5,28.9,40.0,105.37,185.24,43.87,0
2호기,낮,14,30.7,22.7,47.3,93.08,189.81,51.59,0
3호기,낮,1,35.7,26.5,60.2,102.41,176.37,55.57,0
2호기,낮,12,35.6,26.0,45.8,93.00,231.03,53.35,0
3호기,밤,13,34.6,23.9,52.9,97.42,180.13,51.64,0
2호기,밤,12,34.1,34.9,31.7,89.42,152.34,40.73,0
2호기,밤,16,28.1,22.4,55.3,100.67,183.15,52.48,0
3호기,낮,15,32.6,24.6,54.4,113.86,188.02,54.85,0
2호기,밤,12,26.3,22.0,45.2,89.51,174.75,42.67,0
3호기,밤,9,,30.0,52.9,88.57,168.38,48.72,0
1호기,밤,5,23.6,30.6,37.5,108.27,195.76,51.28,0
2호기,낮,9,26.2,26.0,49.5,81.39,219.50,45.18,0
1호기,밤,14,29.6,23.9,44.4,103.13,190.14,43.68,0
3호기,밤,6,,25.0,50.8,98.59,189.13,57.83,0
2호기,밤,0,34.7,28.3,58.8,109.61,175.12,50.87,0
1호기,밤,6,26.4,25.8,47.3,97.88,196.13,56.22,0
3호기,낮,1,28.7,25.1,34.5,97.89,196.62,50.56,0
2호기,낮,6,36.5,26.4,53.4,106.68,193.80,50.62,0
1호기,밤,8,22.0,30.9,50.4,92.39,186.45,48.13,0
3호기,밤,7,23.2,23.5,52.5,85.95,166.00,49.54,0
3호기,밤,,23.3,24.0,21.1,91.76,184.92,46.82,0
2호기,낮,,31.6,22.4,46.4,92.59,215.43,56.63,0
3호기,밤,5,32.3,24.6,50.4,94.13,205.19,52.72,0
3호기,낮,4,27.4,23.7,50.1,91.26,201.45,50.56,0
1호기,낮,0,23.6,25.9,53.8,99.14,195.67,42.71,0
3호기,밤,13,24.3,26.4,25.8,97.13,196.08,46.84,0
3호기,낮,10,28.4,25.5,41.6,98.25,192.77,53.07,0
1호기,낮,10,33.7,25.9,54.1,102.95,190.00,46.64,0
3호기,밤,8,25.7,23.0,55.1,107.96,200.54,39.87,0
1호기,낮,16,30.8,25.6,51.2,97.85,182.26,49.75,0
1호기,밤,6,29.5,20.0,47.0,81.86,248.48,57.41,0
1호기,낮,16,34.5,24.0,59.9,103.35,217.33,51.38,0
3호기,밤,9,33.5,22.0,40.1,97.93,227.06,56.55,0
2호기,낮,8,30.3,24.3,65.7,98.42,215.64,43.03,0
1호기,밤,,25.9,20.1,45.1,96.56,189.31,53.16,0
2호기,밤,12,33.1,13.9,37.5,106.74,178.88,52.26,0
1호기,낮,1,35.8,26.7,53.9,95.37,228.66,41.19,0
1호기,밤,15,22.6,26.5,36.0,96.32,241.69,52.56,0
1호기,낮,13,31.1,28.1,63.3,88.86,198.86,48.61,0
2호기,밤,4,20.8,24.3,40.8,92.60,195.07,47.96,0
1호기,밤,2,27.1,25.9,56.5,96.34,196.61,48.94,0
2호기,밤,10,38.1,27.9,47.3,94.48,218.18,46.71,0
2호기,밤,8,26.9,26.9,47.5,99.95,162.05,34.42,0
2호기,낮,15,31.0,22.5,37.8,104.92,191.61,38.16,0
3호기,낮,0,23.7,26.2,34.3,106.17,162.84,48.56,0
2호기,밤,11,31.6,26.8,46.1,114.64,120.57,51.48,0
2호기,밤,10,38.4,24.9,67.5,92.13,200.28,50.96,0
2호기,낮,5,35.1,29.4,57.0,102.78,184.49,47.65,0
3호기,낮,12,34.5,23.5,31.4,90.54,199.29,51.90,0
2호기,낮,14,30.1,25.6,59.2,123.48,229.91,52.04,0
2호기,낮,7,38.5,20.2,54.1,93.65,191.48,51.72,0
3호기,낮,5,31.1,24.8,64.9,101.45,202.44,47.08,0
2호기,낮,16,26.6,29.5,56.3,100.31,171.09,44.57,0
1호기,낮,0,26.2,24.0,42.7,90.61,185.17,55.71,0
1호기,밤,16,33.8,27.6,61.6,94.12,207.23,53.13,0
1호기,밤,1,27.9,21.6,39.2,108.41,192.09,58.46,0
2호기,낮,0,28.7,23.7,64.3,112.51,190.96,53.04,0
1호기,밤,9,25.6,21.0,48.1,82.98,217.75,43.91,0
2호기,낮,9,32.3,23.2,43.9,87.67,204.83,40.12,0
2호기,낮,13,27.0,26.9,44.2,102.60,185.23,49.23,0
3호기,낮,15,22.6,24.4,60.2,99.56,203.18,41.47,0
2호기,밤,6,30.0,29.1,43.6,105.39,200.52,47.73,0
1호기,낮,14,31.1,28.3,52.0,94.29,168.16,52.73,0
1호기,낮,5,39.4,25.3,53.8,96.14,182.86,51.70,0
1호기,낮,0,32.3,27.7,40.9,93.24,183.22,48.08,0
2호기,낮,3,30.4,27.3,52.3,98.08,220.88,51.18,0
2호기,낮,10,32.4,24.2,45.7,104.66,207.29,53.52,0
1호기,낮,1,37.6,25.4,37.3,96.95,210.90,41.94,0
3호기,낮,11,22.7,22.3,60.3,102.28,167.08,56.76,0
1호기,밤,14,,24.7,56.3,100.87,220.35,51.88,0
1호기,밤,11,34.4,24.6,58.5,84.13,190.90,44.27,0
1호기,밤,7,34.8,25.6,41.8,126.64,221.47,45.86,0
3호기,밤,7,34.8,23.5,50.1,105.69,202.32,53.67,0
1호기,낮,13,25.5,24.9,37.9,99.49,200.80,50.37,0
1호기,낮,15,28.2,27.4,48.8,86.82,210.66,54.05,0
1호기,밤,6,33.5,25.1,62.7,108.26,214.45,48.52,0
2호기,낮,8,22.6,26.9,51.5,113.95,208.68,45.43,0
1호기,낮,14,30.2,27.5,58.1,97.65,189.32,49.37,0
1호기,밤,8,32.2,28.9,70.5,98.60,208.91,45.95,0
3호기,낮,3,28.0,25.3,55.9,102.72,214.15,43.92,0
2호기,낮,1,36.1,23.0,35.8,97.60,188.83,54.73,0
1호기,밤,13,25.4,24.0,40.8,83.17,219.13,45.08,0
1호기,낮,10,25.6,27.7,58.3,102.68,193.66,47.03,0
3호기,낮,13,25.1,28.3,54.5,102.78,238.57,51.64,0
1호기,낮,1,26.0,29.1,53.8,98.20,192.26,50.70,0
3호기,낮,11,31.4,22.6,46.1,117.01,191.20,46.32,0
2호기,낮,12,32.7,26.4,43.3,93.71,212.93,50.83,0
3호기,낮,2,28.0,25.4,56.1,95.53,228.01,53.29,0
3호기,밤,8,34.9,26.4,57.0,96.93,197.39,49.57,0
1호기,낮,15,33.2,25.2,34.9,84.18,205.88,56.48,0
2호기,낮,3,,20.4,39.6,97.52,202.21,45.63,0
2호기,밤,9,31.2,25.1,56.5,114.18,205.41,52.53,0
3호기,낮,3,32.4,22.5,45.2,99.22,194.65,43.82,0
2호기,낮,13,25.4,22.4,50.6,96.36,188.86,46.85,0
3호기,낮,5,31.5,26.4,48.1,93.05,186.39,51.74,0
2호기,밤,1,40.4,14.9,49.0,90.67,197.05,54.65,0
1호기,밤,1,31.0,25.0,56.6,96.20,175.59,55.62,0
1호기,밤,0,28.1,27.6,52.2,106.60,183.95,51.23,0
2호기,밤,1,32.6,26.0,48.1,96.02,206.48,46.94,0
1호기,낮,10,32.9,28.6,41.4,114.51,173.75,57.21,0
1호기,밤,4,33.1,28.2,51.0,98.49,242.86,56.76,0
2호기,낮,3,32.2,26.6,50.1,91.66,219.17,54.80,0
1호기,낮,11,30.3,27.9,54.5,118.15,192.33,44.75,0
3호기,밤,2,26.3,21.1,50.7,101.29,185.38,48.07,0
1호기,밤,0,32.7,16.8,41.5,85.76,173.94,42.71,0
1호기,낮,11,39.8,20.8,69.3,105.26,192.98,50.16,0
2호기,밤,9,,27.2,58.4,107.41,187.78,43.56,0
2호기,낮,10,37.9,21.8,61.5,97.71,180.28,52.68,0
2호기,낮,6,29.5,24.9,42.1,90.49,220.46,40.80,0
1호기,낮,11,17.9,23.3,55.7,115.09,218.49,53.21,0
1호기,밤,3,30.3,26.2,51.0,114.10,210.21,53.70,0
2호기,밤,5,25.0,22.7,43.6,118.08,184.05,44.63,0
2호기,밤,12,29.6,21.2,52.9,93.40,182.74,55.42,0
3호기,밤,1,29.4,22.5,66.6,104.70,214.51,52.66,0
3호기,밤,16,28.9,21.9,49.5,96.83,192.17,55.26,0
3호기,낮,2,38.6,18.3,51.9,111.79,217.24,51.36,0
2호기,낮,0,30.5,26.4,49.9,98.36,196.10,57.45,0
2호기,밤,6,28.3,21.6,52.4,79.63,187.38,53.36,0
3호기,낮,11,37.7,27.3,38.8,96.27,204.29,51.65,0
2호기,밤,1,22.8,29.3,59.1,120.86,209.18,47.29,0
1호기,밤,3,26.8,22.3,50.0,111.93,213.87,58.67,0
2호기,낮,14,20.0,21.1,65.6,96.52,197.31,57.68,0
3호기,낮,1,36.2,20.8,30.5,92.43,206.95,58.70,0
1호기,밤,7,26.5,25.4,65.5,91.86,178.34,53.03,0
3호기,밤,13,39.1,24.2,56.0,96.93,183.32,60.01,0
2호기,낮,3,35.8,27.2,42.1,79.36,224.61,45.57,0
3호기,밤,1,35.3,24.0,54.4,96.38,230.61,47.42,0
3호기,밤,5,25.1,22.3,41.9,93.21,188.40,51.98,0
2호기,밤,3,24.8,29.9,58.2,101.69,201.52,55.50,0
3호기,밤,10,33.6,20.8,25.2,104.20,211.09,46.85,0
1호기,낮,11,33.3,23.4,39.5,120.00,180.84,54.78,0
2호기,낮,0,,22.2,41.6,89.48,193.77,54.57,0
3호기,낮,8,32.0,23.4,50.1,91.12,190.74,60.52,0
1호기,낮,,28.5,21.4,38.6,107.53,164.06,54.95,0
1호기,밤,0,37.0,27.0,50.6,86.93,173.30,52.05,0
1호기,낮,15,32.4,24.6,47.2,96.41,230.86,51.70,0
2호기,밤,10,30.9,24.5,42.1,75.51,220.79,50.45,0
2호기,밤,4,30.1,21.3,51.9,96.11,215.18,49.08,0
1호기,낮,4,31.0,27.6,43.9,96.52,204.88,43.78,0
2호기,밤,9,30.5,28.3,43.3,111.18,199.71,53.92,0
2호기,밤,1,29.3,25.4,37.0,91.23,189.61,58.57,0
3호기,밤,11,29.0,28.4,36.8,91.34,198.67,46.58,0
3호기,밤,13,28.7,22.7,50.2,87.85,165.61,53.64,0
2호기,밤,8,31.6,23.7,42.7,96.01,213.11,45.46,0
3호기,밤,3,29.0,24.0,49.8,90.65,171.45,55.97,0
2호기,낮,6,32.4,23.4,51.3,114.87,206.80,48.44,0
3호기,밤,10,,20.5,48.7,93.49,187.76,52.66,0
1호기,밤,5,36.2,23.7,40.9,103.84,203.73,55.90,0
1호기,낮,7,23.1,24.6,49.5,92.93,191.71,47.26,0
2호기,밤,12,23.7,20.9,52.1,98.71,152.98,51.39,0
3호기,밤,15,24.0,26.9,53.5,91.78,214.82,50.26,0
1호기,밤,7,26.2,29.5,45.3,86.09,199.77,44.25,0
2호기,낮,9,27.0,27.6,61.2,91.94,233.69,50.51,0
1호기,밤,6,23.7,23.2,49.7,78.20,196.29,49.96,0
3호기,낮,9,31.0,24.0,47.3,104.84,166.83,53.01,0
3호기,낮,7,32.8,27.2,60.5,94.86,215.83,47.68,0
3호기,낮,15,,27.1,51.9,97.41,197.85,65.15,0
1호기,낮,16,24.3,26.1,46.9,94.30,186.22,44.69,0
3호기,밤,13,36.2,26.3,50.6,107.62,199.04,49.81,0
3호기,밤,12,32.2,29.1,57.3,82.74,203.79,47.44,0
2호기,낮,6,30.8,25.6,43.3,99.40,186.28,50.41,0
2호기,밤,6,32.1,23.9,56.3,97.68,213.65,52.04,0
1호기,낮,2,25.6,31.6,54.7,107.07,226.69,53.79,0
2호기,밤,6,21.6,25.7,56.1,118.18,186.89,47.62,0
3호기,밤,7,33.4,25.4,53.2,107.84,216.10,43.42,0
2호기,밤,8,24.6,26.1,55.0,97.31,193.91,48.69,0
2호기,밤,0,35.7,29.2,50.7,114.71,208.89,41.39,0
2호기,낮,6,35.0,25.5,47.6,88.71,215.49,57.13,0
2호기,밤,8,36.0,22.3,51.1,114.32,201.23,63.21,0
3호기,낮,0,36.4,27.6,42.3,90.64,199.70,47.29,0
1호기,밤,2,33.5,26.8,42.4,102.53,197.55,50.60,0
2호기,밤,9,25.2,26.7,44.9,110.47,222.98,51.60,0
3호기,낮,12,28.4,21.6,42.6,101.93,221.25,44.74,0
1호기,밤,5,27.0,27.2,67.1,99.39,195.31,44.17,0
1호기,밤,12,33.1,28.2,37.9,119.25,176.30,43.00,0
3호기,밤,0,24.7,23.7,53.7,86.53,182.03,54.87,0
1호기,밤,7,33.9,24.8,50.0,94.24,184.64,55.34,0
2호기,낮,13,28.4,29.3,57.0,101.68,177.16,43.97,0
2호기,낮,6,30.9,29.6,68.0,99.89,225.93,44.90,0
1호기,낮,14,29.7,25.9,63.1,99.43,227.77,50.21,0
2호기,낮,12,27.8,25.4,62.9,101.80,223.46,52.63,0
2호기,낮,13,20.2,30.4,43.7,110.89,218.57,46.19,0
1호기,낮,1,26.5,26.8,47.1,100.42,199.58,49.40,0
1호기,낮,15,32.5,22.1,61.1,106.17,203.37,56.09,0
1호기,낮,2,32.3,23.1,49.9,112.02,211.64,47.00,0
2호기,낮,9,36.3,29.0,49.9,89.87,212.35,52.88,0
1호기,낮,2,26.9,21.4,41.7,107.49,171.28,58.14,0
1호기,낮,1,30.1,26.4,41.9,86.67,185.65,47.38,0
1호기,밤,14,,20.5,56.1,102.90,173.66,47.17,0
3호기,밤,5,37.1,30.1,57.5,97.32,203.14,45.33,0
2호기,낮,2,22.5,30.3,53.7,109.44,196.80,36.10,0
1호기,밤,15,32.6,24.8,46.4,120.12,175.11,55.46,0
3호기,낮,13,29.6,23.5,44.7,106.95,213.64,48.42,0
2호기,낮,,17.3,19.7,50.9,104.20,231.21,53.97,0
3호기,낮,0,28.9,28.7,43.5,93.79,214.29,47.65,0
1호기,낮,5,28.6,30.7,46.2,98.89,202.61,51.26,0
2호기,낮,6,33.6,28.5,51.1,83.78,176.17,45.29,0
1호기,밤,2,25.0,28.7,56.0,99.54,198.70,44.07,0
3호기,밤,6,21.3,27.1,75.1,101.95,185.59,53.14,0
1호기,밤,2,32.8,20.9,39.4,93.45,224.69,49.75,0
3호기,밤,16,31.5,23.0,57.8,98.71,186.47,54.16,0
3호기,밤,15,42.1,27.3,39.7,111.86,214.58,50.92,0
1호기,밤,4,35.7,26.6,49.4,94.00,206.00,58.83,0
2호기,밤,14,29.0,26.1,44.1,93.34,209.41,49.29,0
3호기,밤,6,21.3,28.0,24.9,95.03,179.87,56.93,0
3호기,낮,11,38.0,21.1,50.4,112.37,198.53,54.27,0
2호기,낮,0,28.2,25.9,64.5,72.25,199.09,52.22,0
1호기,낮,8,24.7,28.2,65.3,118.32,207.94,47.29,0
1호기,낮,7,21.7,23.6,47.6,99.96,185.67,46.70,0
3호기,낮,0,31.2,26.7,35.9,109.48,190.65,50.27,0
2호기,낮,16,29.2,20.0,33.3,121.30,212.72,50.81,0
1호기,밤,10,25.1,25.6,47.1,89.66,228.43,49.26,0
3호기,밤,13,31.1,23.7,49.5,96.87,201.32,49.10,0
1호기,낮,1,29.4,26.6,50.9,92.69,187.20,58.86,0
1호기,밤,14,31.9,26.9,62.6,104.92,196.10,41.35,0
1호기,밤,5,31.6,24.9,47.4,112.63,180.20,49.32,0
3호기,밤,0,28.2,23.6,43.2,101.89,211.34,49.25,0
2호기,낮,14,27.6,27.7,44.9,96.64,213.00,49.71,0
2호기,밤,13,27.3,29.2,52.0,107.33,193.62,49.34,0
2호기,낮,10,35.0,23.9,58.6,90.32,211.44,47.86,0
2호기,낮,8,29.9,26.9,51.7,87.42,210.40,46.87,0
1호기,밤,16,24.2,27.2,44.5,101.79,184.19,54.24,0
2호기,낮,9,26.5,23.4,46.2,83.81,186.61,48.93,0
2호기,낮,10,,28.7,46.7,85.21,191.45,59.18,0
3호기,밤,5,24.3,27.1,48.7,107.66,198.04,55.19,0
1호기,밤,12,31.1,27.3,47.5,90.32,197.86,55.65,0
1호기,낮,16,28.1,27.2,46.1,108.49,192.16,36.08,0
3호기,낮,8,34.5,27.5,47.5,98.80,201.89,45.24,0
1호기,낮,3,20.1,24.5,33.6,106.76,228.64,54.00,0
2호기,밤,7,23.8,30.4,54.5,100.94,214.20,50.66,0
3호기,낮,14,20.2,26.4,40.4,88.03,197.12,46.40,0
2호기,낮,9,33.1,26.1,58.5,101.21,216.72,50.19,0
3호기,밤,8,24.6,25.2,44.8,90.73,188.92,47.65,0
1호기,밤,8,35.1,29.4,66.3,90.26,202.90,45.40,0
2호기,낮,2,21.7,20.7,33.3,104.18,185.28,50.70,0
2호기,밤,16,28.2,21.3,44.2,97.40,184.04,44.71,0
2호기,낮,7,25.0,30.9,45.1,100.95,220.49,47.08,0
3호기,밤,13,35.7,18.9,61.8,119.92,168.07,55.85,0
3호기,밤,16,34.8,31.8,45.5,107.76,184.42,53.29,0
1호기,낮,7,41.0,31.0,52.9,106.57,151.02,51.48,0
3호기,낮,1,24.4,25.3,70.0,92.62,241.22,45.74,0
1호기,낮,11,34.3,21.3,54.3,100.57,193.95,53.59,0
1호기,낮,7,35.3,23.1,72.2,107.76,202.09,48.03,0
3호기,밤,0,29.9,33.3,52.4,97.35,198.84,46.43,1
1호기,밤,13,27.8,24.9,48.3,99.63,176.55,47.66,0
2호기,밤,16,28.9,23.5,58.0,96.73,241.57,59.72,0
3호기,낮,12,33.6,22.7,55.5,87.41,185.24,45.57,0
2호기,낮,0,28.4,32.6,51.5,102.04,199.90,53.41,0
3호기,낮,8,17.8,22.6,71.3,111.51,214.76,47.59,0
2호기,밤,16,35.6,26.5,45.0,98.40,219.11,47.48,0
2호기,낮,4,32.6,31.2,44.1,96.09,210.04,59.79,0
2호기,낮,7,37.0,28.3,24.1,96.62,193.54,46.76,0
1호기,낮,12,28.5,22.9,48.6,105.80,201.43,52.30,0
3호기,밤,5,30.9,24.7,48.1,80.43,194.90,45.15,0
2호기,밤,15,25.8,29.5,50.0,90.38,212.57,42.83,0
1호기,밤,15,32.5,31.0,61.4,96.23,177.08,59.50,0
3호기,낮,12,31.1,25.1,55.9,97.88,166.52,43.86,0
2호기,밤,16,30.1,30.7,58.8,113.20,200.13,51.73,0
1호기,밤,3,33.0,24.9,49.9,93.60,177.89,44.54,0
2호기,낮,11,32.5,25.5,57.0,106.36,243.20,54.14,0
1호기,밤,8,24.5,22.1,50.4,94.92,217.96,59.98,0
2호기,낮,,29.4,25.0,66.0,109.70,167.66,54.48,0
1호기,낮,7,26.0,26.8,47.0,99.69,195.28,57.75,0
2호기,밤,6,37.4,25.5,68.2,113.10,219.08,54.80,0
1호기,밤,4,30.2,22.8,49.3,97.35,200.77,57.75,0
2호기,낮,14,30.4,31.8,61.3,94.39,174.44,50.16,0
2호기,밤,15,28.9,25.7,52.7,92.00,218.69,45.64,0
3호기,밤,11,33.7,24.7,48.4,81.98,201.18,44.63,0
2호기,밤,8,31.2,21.3,46.4,101.78,175.64,52.96,0
3호기,낮,2,35.7,22.4,63.8,98.71,215.99,53.42,0
2호기,밤,11,32.4,24.5,46.7,91.28,226.27,60.06,0
2호기,낮,11,21.9,22.4,54.2,86.60,198.46,45.12,0
1호기,낮,3,35.0,24.6,49.5,76.29,244.97,59.43,0
1호기,낮,7,21.8,26.8,59.9,111.79,184.25,38.57,0
1호기,밤,1,24.7,25.8,40.7,95.98,224.03,51.18,0
2호기,낮,13,24.1,25.9,45.7,100.55,172.45,50.95,0
2호기,낮,13,28.6,23.1,61.9,118.62,189.20,47.05,0
2호기,낮,10,24.3,22.7,50.5,97.98,241.96,60.96,0
2호기,낮,14,24.7,23.8,47.3,98.80,179.79,47.95,0
2호기,밤,5,32.3,22.0,33.9,88.51,189.62,41.07,0
2호기,낮,3,27.7,24.6,50.0,96.61,201.68,57.94,0
3호기,밤,9,22.9,20.0,65.1,82.87,222.98,51.72,0
2호기,밤,9,30.4,26.6,32.1,99.55,187.47,65.91,0
3호기,밤,0,29.9,21.8,60.4,86.17,224.69,51.50,0
3호기,낮,14,19.1,22.9,52.7,106.65,245.15,51.57,0
3호기,밤,3,30.1,21.1,49.4,105.17,196.18,46.59,1
2호기,낮,8,26.0,26.9,43.0,92.94,206.33,49.06,0
2호기,낮,14,37.7,19.1,42.5,102.41,194.57,59.03,0
2호기,밤,14,,28.4,55.6,93.51,198.22,52.45,0
2호기,밤,10,31.0,24.1,61.4,100.70,221.69,51.63,0
1호기,밤,12,,20.5,39.0,118.75,243.62,45.79,0
2호기,밤,0,27.5,22.1,64.8,103.29,202.95,54.47,0
3호기,밤,1,,25.5,45.2,101.01,185.08,46.50,0
2호기,밤,1,36.1,28.2,56.5,81.22,227.02,55.65,0
2호기,밤,16,27.1,23.9,48.2,87.60,205.74,48.48,0
3호기,낮,,36.1,25.0,45.3,97.96,217.71,50.53,0
1호기,밤,14,39.8,23.2,52.3,103.00,228.25,50.17,0
2호기,밤,8,30.8,24.1,46.5,90.92,200.01,54.09,0
2호기,밤,10,34.4,23.5,69.0,98.14,170.19,43.77,0
3호기,낮,7,24.6,24.6,43.9,87.66,241.23,49.19,0
1호기,밤,8,26.8,23.7,31.7,83.75,202.83,51.70,0
3호기,낮,7,23.0,24.4,49.4,79.63,170.35,49.97,0
3호기,낮,12,27.0,25.8,70.7,97.76,186.82,47.33,0
2호기,밤,4,34.7,20.7,49.8,92.07,207.42,50.40,0
1호기,낮,11,33.8,27.0,43.7,105.51,226.46,48.00,0
2호기,낮,10,30.1,28.4,55.9,88.26,179.00,43.23,0
1호기,낮,14,21.0,20.5,37.1,100.88,233.17,40.07,0
3호기,밤,6,29.6,21.1,54.6,80.13,224.70,48.16,0
1호기,낮,,28.9,24.4,67.8,98.22,236.09,55.19,0
2호기,밤,16,35.6,25.9,61.8,84.96,169.55,47.77,0
2호기,낮,15,18.0,20.9,42.2,86.10,184.43,54.64,0
1호기,낮,2,32.0,29.1,57.1,95.17,230.73,45.72,0
3호기,밤,13,35.9,20.0,53.1,96.55,216.95,52.30,0
3호기,밤,5,28.6,27.4,45.9,89.55,206.09,54.94,0
1호기,낮,13,37.9,20.9,50.8,98.39,203.82,59.04,0
1호기,밤,2,23.7,30.5,69.3,97.20,190.57,47.20,0
1호기,밤,4,20.9,26.3,46.3,97.57,208.60,50.69,0
2호기,낮,11,25.6,21.7,49.4,101.76,205.58,54.75,0
3호기,밤,8,23.8,21.2,45.0,115.95,178.01,50.67,0
1호기,낮,15,35.0,27.6,61.9,67.88,227.97,45.40,0
3호기,밤,16,32.7,22.1,36.7,100.75,165.60,59.49,0
1호기,낮,4,18.5,25.4,56.2,117.04,186.71,47.43,0
2호기,밤,12,39.4,26.8,38.3,99.85,181.24,50.25,0
1호기,밤,4,36.4,26.9,38.1,93.42,201.51,50.70,0
2호기,낮,10,30.9,28.6,47.9,114.39,170.45,48.36,0
3호기,밤,9,27.8,27.8,36.2,93.47,177.82,51.82,0
1호기,낮,0,33.5,25.2,46.9,113.65,181.86,49.68,0
1호기,낮,3,30.5,27.5,37.7,99.63,177.72,56.59,0
3호기,밤,12,36.9,24.0,47.3,94.95,213.09,56.92,0
3호기,밤,15,30.2,23.8,41.6,104.04,197.59,53.99,0
1호기,낮,1,36.2,22.8,50.5,100.12,226.30,49.58,0
3호기,밤,16,41.2,21.7,49.8,88.27,208.52,48.31,0
2호기,밤,6,27.1,29.4,44.5,96.78,161.50,45.15,0
3호기,낮,4,34.6,22.7,37.0,100.68,183.19,53.44,0
3호기,낮,11,36.1,22.8,35.2,101.28,200.47,50.38,0
2호기,낮,15,21.8,21.9,49.4,100.87,188.64,44.91,0
3호기,낮,5,18.9,27.0,57.3,115.63,166.45,57.59,0
2호기,밤,9,21.9,22.3,39.9,114.55,174.59,59.93,0
1호기,낮,9,30.9,23.0,46.6,86.84,221.48,43.44,0
3호기,밤,4,32.5,23.1,58.4,80.17,212.06,44.38,0
2호기,밤,8,44.4,22.4,39.5,105.02,206.51,50.03,0
1호기,밤,4,35.2,20.8,50.3,121.59,189.80,54.32,0
1호기,밤,11,29.4,22.9,62.0,114.94,174.89,50.63,0
3호기,낮,13,28.1,26.1,69.2,100.18,199.08,54.45,0
1호기,밤,0,34.8,19.9,39.3,87.97,183.95,45.28,0
1호기,밤,7,30.7,24.8,34.6,93.47,202.39,56.75,0
1호기,낮,7,25.2,28.4,55.1,93.09,224.85,53.99,0
1호기,밤,8,29.3,25.7,44.3,92.03,179.11,58.02,0
1호기,낮,16,29.3,25.3,42.6,92.95,226.89,50.36,0
2호기,밤,7,27.7,22.9,51.5,95.92,188.91,55.58,0
1호기,밤,2,31.1,26.2,46.1,101.32,249.88,56.37,0
1호기,낮,12,45.9,30.4,35.1,101.11,207.19,51.18,0
2호기,밤,6,24.4,23.6,59.3,95.28,191.26,51.69,0
2호기,밤,5,28.1,29.1,51.7,128.86,212.20,53.72,0
1호기,낮,14,27.3,27.2,57.4,113.40,228.81,59.09,0
3호기,밤,0,24.6,18.9,51.8,94.79,192.10,45.60,0
1호기,밤,8,26.7,24.6,47.5,104.13,203.13,47.95,0
3호기,낮,11,34.1,28.6,56.4,114.20,223.64,44.27,0
2호기,밤,7,19.5,27.4,33.7,99.38,223.67,51.07,0
3호기,밤,8,32.8,22.7,63.8,112.17,242.97,52.61,0
2호기,밤,9,26.9,23.4,56.8,92.03,147.51,43.49,0
1호기,낮,15,27.4,20.8,42.7,106.80,214.75,54.86,0
1호기,밤,10,27.6,22.7,58.8,107.71,187.56,57.23,0
3호기,밤,1,24.0,26.5,45.3,114.42,202.93,44.10,0
2호기,밤,4,25.8,27.7,32.6,111.23,196.85,55.09,0
3호기,낮,12,28.2,20.3,58.9,103.60,180.85,52.32,0
1호기,밤,1,30.0,23.2,45.5,103.21,199.08,50.10,0
1호기,낮,3,38.3,24.7,54.1,102.49,239.07,46.37,0
1호기,낮,3,35.7,28.3,68.9,95.81,215.51,44.73,0
1호기,낮,15,33.0,22.5,65.7,92.17,214.92,48.60,0
2호기,낮,2,15.9,27.9,51.2,97.41,211.17,54.90,0
2호기,밤,5,31.4,22.4,44.9,114.13,201.59,48.90,0
1호기,밤,5,26.7,27.8,33.8,94.64,213.59,55.20,0
3호기,낮,5,30.8,29.5,43.4,109.56,171.46,50.93,0
1호기,밤,6,26.9,25.0,36.5,72.80,240.33,47.90,0
1호기,낮,13,29.8,18.3,56.5,102.71,214.94,51.65,0
2호기,낮,9,38.5,25.2,46.4,110.83,213.03,62.47,0
3호기,낮,4,,24.9,58.3,97.02,188.52,42.19,0
3호기,낮,2,24.3,26.6,53.4,103.69,219.24,51.42,0
1호기,낮,12,27.0,22.2,52.3,95.45,202.02,46.20,0
3호기,낮,4,26.6,24.0,55.0,92.91,186.87,50.06,0
1호기,낮,16,26.8,29.2,60.4,82.30,200.93,43.81,0
1호기,밤,0,32.3,19.3,32.3,84.43,174.73,50.38,0
1호기,낮,12,29.3,25.3,54.6,104.44,219.11,58.84,0
1호기,밤,10,21.7,20.3,57.4,104.79,213.23,51.78,0
1호기,낮,8,26.1,19.0,50.8,103.85,187.45,52.92,0
2호기,낮,12,34.9,25.2,44.7,100.54,188.58,52.79,0
2호기,낮,2,23.9,27.5,53.8,107.65,193.86,61.87,0
2호기,낮,8,30.0,31.0,60.3,110.97,210.26,51.15,0
1호기,낮,9,27.2,25.5,50.5,93.45,196.88,45.68,0
3호기,밤,10,33.7,28.6,54.6,109.93,204.93,43.82,0
1호기,낮,2,30.3,21.7,56.7,94.99,187.45,58.49,0
3호기,낮,1,26.3,29.5,49.1,98.56,227.15,48.20,0
2호기,낮,6,27.1,26.3,58.1,96.78,174.58,61.88,0
2호기,밤,4,34.7,24.2,42.0,98.14,192.71,52.89,0
3호기,낮,8,37.5,30.1,31.7,112.16,189.50,52.13,1
3호기,낮,,26.4,25.0,58.9,83.42,202.20,50.95,0
2호기,밤,,28.3,22.9,51.7,92.48,196.39,46.38,0
3호기,낮,8,29.1,20.1,86.1,107.21,189.41,62.39,0
1호기,밤,8,22.0,26.9,25.4,95.87,216.51,49.21,0
3호기,밤,2,29.8,22.9,72.9,86.93,174.65,55.36,0
1호기,낮,12,,24.6,49.7,95.08,189.15,49.87,0
1호기,밤,1,28.4,31.8,61.1,105.25,206.79,45.15,0
1호기,낮,12,27.6,20.8,46.3,101.08,211.36,49.77,0
2호기,밤,0,30.6,24.7,54.5,113.05,192.57,52.25,0
3호기,밤,14,,27.5,62.4,82.85,196.51,47.05,0
1호기,밤,8,31.2,27.4,46.0,110.29,202.48,51.08,0
2호기,밤,8,29.0,24.2,55.7,90.37,185.03,47.21,0
2호기,낮,10,20.6,32.9,28.0,95.60,191.30,51.06,0
1호기,밤,9,39.0,28.8,67.1,89.69,215.85,52.11,0
1호기,밤,12,28.3,23.2,49.9,116.69,202.79,46.12,0
1호기,낮,3,27.6,23.2,44.6,87.71,190.85,54.76,0
2호기,밤,3,33.4,21.0,59.4,102.16,197.02,52.29,0
2호기,밤,11,25.1,25.1,47.9,103.09,202.35,46.38,0
1호기,낮,13,27.6,21.5,49.7,86.66,210.47,42.28,0
1호기,밤,2,30.2,24.1,43.5,102.93,203.41,41.92,0
2호기,밤,1,38.7,28.1,51.1,95.72,214.04,53.36,0
3호기,낮,0,23.9,20.0,40.2,109.01,215.09,57.09,0
3호기,밤,0,30.3,29.4,57.4,91.72,174.20,40.19,0
2호기,밤,12,27.3,28.3,45.3,95.03,183.99,50.22,0
1호기,낮,10,23.9,19.8,46.4,88.03,156.09,52.54,0
2호기,낮,16,24.0,22.6,49.2,119.16,214.90,47.37,0
2호기,낮,,34.3,21.1,41.1,104.45,215.06,54.01,0
2호기,밤,9,34.4,28.3,28.3,107.17,175.12,48.33,0
2호기,낮,14,25.8,23.7,43.7,98.28,207.76,53.49,0
2호기,밤,1,34.7,20.3,49.7,86.97,205.16,51.50,0
2호기,낮,8,33.6,26.2,66.3,97.71,200.68,44.92,0
1호기,낮,6,26.9,21.0,53.0,85.31,206.53,44.23,0
3호기,낮,4,34.8,30.5,42.7,108.20,178.38,58.46,0
3호기,밤,2,28.4,23.1,62.0,99.48,202.44,46.44,0
2호기,밤,1,35.1,25.7,59.4,92.39,174.89,46.93,0
1호기,낮,16,27.8,26.1,44.9,122.18,193.39,47.91,0
2호기,낮,12,30.4,31.9,42.6,93.04,184.81,56.07,0
1호기,낮,11,30.5,29.4,49.5,85.45,226.23,45.81,0
1호기,낮,5,24.9,27.3,38.8,102.09,214.46,47.58,0
1호기,밤,13,34.5,24.9,53.4,97.63,224.07,54.36,0
2호기,밤,6,27.6,25.0,37.0,87.88,168.97,50.24,0
2호기,밤,12,34.4,24.8,44.7,106.04,186.51,56.96,0
2호기,낮,1,34.4,27.0,44.5,98.67,216.33,53.02,0
2호기,밤,,29.5,19.8,31.0,94.37,204.58,49.66,0
2호기,밤,,31.6,20.1,68.9,103.31,211.81,55.51,0
2호기,밤,7,38.0,23.1,59.3,106.64,148.67,41.63,0
3호기,밤,6,22.2,23.2,43.5,103.86,191.21,59.99,0
2호기,낮,14,41.1,27.8,49.5,86.23,195.98,48.38,0
3호기,낮,2,31.3,24.5,62.8,112.59,182.14,54.09,0
1호기,낮,2,28.5,21.8,41.6,100.77,197.07,48.62,0
1호기,낮,12,22.9,26.2,55.6,78.57,203.49,49.93,0
2호기,밤,3,34.8,24.9,69.9,109.42,220.65,54.42,0
1호기,낮,4,37.4,24.0,45.3,104.29,188.85,42.75,0
2호기,낮,16,27.3,23.0,46.7,109.33,189.06,50.61,0
2호기,낮,2,34.6,27.6,28.4,110.38,219.74,50.56,0
1호기,밤,10,43.1,25.8,30.2,110.85,214.77,48.53,0
1호기,밤,1,29.8,24.8,48.1,98.90,223.51,48.16,0
1호기,낮,16,24.6,23.2,60.5,106.19,209.23,41.68,0
2호기,낮,11,26.2,18.4,52.4,107.00,192.66,49.56,0
3호기,밤,15,26.8,27.3,46.1,93.02,174.75,47.00,0
1호기,밤,14,34.1,22.2,45.6,115.75,192.23,54.28,0
1호기,밤,0,33.1,21.6,50.9,103.21,189.45,54.53,0
2호기,낮,2,27.4,23.4,52.2,102.61,155.66,51.63,0
2호기,밤,3,25.9,30.3,33.3,105.25,179.12,56.95,0
1호기,낮,4,25.1,26.9,43.8,110.49,193.15,44.74,0
2호기,밤,4,20.5,19.4,31.6,119.25,181.95,44.73,0
1호기,낮,2,32.5,27.0,46.4,86.33,202.14,53.40,0
2호기,낮,4,31.8,25.8,58.9,97.49,189.63,55.87,0
1호기,낮,15,23.5,20.7,35.4,84.01,184.94,51.65,0
2호기,낮,12,25.7,24.9,50.6,103.34,191.88,46.66,0
1호기,밤,9,33.4,22.4,33.8,97.85,208.43,43.61,0
3호기,밤,0,31.2,21.0,55.6,110.81,169.63,48.59,0
1호기,낮,3,35.0,20.0,60.4,99.48,219.71,50.13,0
3호기,밤,9,30.3,28.5,51.2,102.59,200.28,43.87,0
2호기,낮,11,27.2,26.8,49.8,84.88,172.41,44.70,0
2호기,밤,4,34.0,26.9,47.8,100.73,230.10,46.42,0
2호기,밤,9,35.2,23.4,55.2,101.88,148.16,56.36,0
3호기,밤,14,24.7,22.0,45.8,94.39,185.12,48.01,0
2호기,낮,15,30.5,21.5,35.8,90.19,218.16,47.28,0
1호기,밤,7,35.4,23.7,49.2,111.87,204.91,58.25,0
1호기,밤,2,33.5,27.1,37.4,98.17,211.45,41.62,0
2호기,낮,10,22.8,23.2,56.3,87.92,190.82,47.89,0
2호기,낮,3,31.5,20.3,43.1,87.92,206.70,39.37,0
2호기,낮,7,28.0,27.0,48.7,105.09,219.12,48.82,0
3호기,밤,11,32.6,22.7,59.6,87.63,203.96,51.29,0
3호기,낮,11,25.8,23.2,50.0,99.27,182.95,37.46,0
1호기,낮,4,33.0,17.3,47.7,86.61,192.68,51.90,0
1호기,밤,,33.4,28.6,64.2,91.24,181.30,49.45,0
3호기,낮,10,31.6,21.1,66.1,103.86,185.99,48.03,0
2호기,낮,11,28.4,23.1,65.8,109.86,198.17,49.92,0
1호기,낮,,31.2,25.0,42.1,117.40,179.77,57.99,0
3호기,밤,4,29.9,18.4,45.4,108.35,180.40,55.25,0
3호기,밤,6,29.2,26.5,54.6,108.64,208.69,51.66,0
2호기,밤,7,31.2,27.1,36.2,105.82,222.06,52.60,0
3호기,낮,5,34.8,23.5,36.3,101.70,184.11,49.18,0
1호기,밤,8,26.9,21.9,44.9,90.51,225.08,51.47,0
3호기,밤,1,32.2,25.8,69.0,86.72,148.56,50.24,0
1호기,낮,6,30.0,27.0,36.7,90.00,172.62,49.83,0
2호기,낮,8,33.0,25.1,37.5,95.61,189.13,58.84,0
3호기,밤,11,35.0,24.6,69.7,90.47,195.53,51.30,0
3호기,낮,3,26.1,26.2,51.8,81.65,202.87,48.49,0
2호기,밤,5,34.0,24.5,46.5,90.96,171.45,48.96,0
3호기,밤,7,33.0,20.8,64.7,111.58,218.24,45.41,0
1호기,밤,11,23.4,21.1,61.1,95.14,178.38,58.05,0
2호기,밤,16,32.5,25.2,40.7,108.92,188.06,54.53,0
1호기,밤,14,28.9,27.9,73.5,113.84,186.75,49.94,0
2호기,밤,4,38.0,22.6,44.5,88.34,216.01,39.57,0
2호기,낮,16,38.9,28.0,47.3,82.88,195.08,50.94,0
1호기,낮,7,32.0,24.2,58.3,93.00,202.89,52.42,0
2호기,낮,7,31.1,24.0,48.1,74.87,213.10,42.72,0
1호기,낮,4,29.1,21.7,51.5,106.68,194.07,59.42,0
2호기,낮,15,35.7,24.3,49.2,73.71,176.82,48.21,0
1호기,낮,0,27.2,21.0,33.1,104.52,185.13,52.35,0
1호기,밤,9,31.6,22.6,53.8,107.55,191.35,49.74,0
1호기,밤,2,31.2,27.1,45.9,115.44,188.35,50.03,0
2호기,낮,7,23.9,23.7,47.5,101.84,196.08,46.87,0
2호기,낮,5,37.1,24.7,44.1,106.01,244.56,46.78,0
3호기,밤,3,30.8,25.6,43.3,83.12,175.92,50.66,0
2호기,낮,4,34.0,26.4,43.0,108.90,192.19,50.01,0
3호기,밤,13,18.7,27.6,62.6,87.73,194.05,54.51,1
3호기,밤,3,24.4,24.6,55.3,98.45,188.11,55.46,0
2호기,낮,7,29.5,24.9,54.5,108.86,195.29,48.44,0
3호기,낮,5,42.4,16.9,50.3,108.81,172.58,42.61,0
1호기,낮,9,25.1,20.6,47.4,122.63,177.89,47.66,0
2호기,밤,16,,22.7,47.9,90.58,181.02,45.51,0
1호기,낮,9,28.9,28.3,62.2,97.55,222.94,48.58,0
1호기,밤,8,30.7,27.0,48.3,102.51,204.01,52.35,0
1호기,밤,12,32.0,24.5,57.6,78.82,191.14,47.25,0
2호기,밤,9,31.3,24.5,64.7,101.29,198.22,50.02,0
3호기,밤,10,35.1,23.2,38.2,90.35,218.90,52.01,0
2호기,낮,7,22.7,23.8,51.7,105.45,178.02,43.52,0
3호기,낮,9,36.1,26.3,48.3,109.56,204.93,40.18,0
2호기,낮,2,20.3,25.6,36.1,100.86,209.33,52.85,0
1호기,낮,12,26.3,24.5,43.5,104.29,172.51,51.00,0
2호기,낮,7,31.4,32.6,58.2,89.97,187.96,49.23,0
2호기,밤,6,23.7,20.7,54.3,97.75,203.59,51.01,0
3호기,밤,11,34.1,22.2,33.9,122.16,163.47,43.18,0
2호기,밤,3,29.4,23.1,45.2,100.18,189.34,50.23,0
3호기,낮,7,24.2,26.9,49.9,91.03,197.82,43.79,0
1호기,밤,11,36.6,21.0,53.5,86.33,183.44,43.86,0
3호기,밤,13,22.7,24.0,42.5,95.54,224.77,45.59,0
2호기,밤,5,36.1,23.3,59.8,106.26,241.04,51.81,0
2호기,밤,3,34.9,24.8,37.7,105.68,184.11,47.51,0
1호기,낮,3,18.6,22.8,45.8,106.96,171.34,45.95,0
2호기,밤,13,21.4,23.2,51.8,98.29,172.26,44.56,0
1호기,밤,15,26.2,24.1,34.7,102.73,215.87,39.37,0
2호기,낮,12,26.7,25.1,51.6,89.36,179.95,42.70,0
3호기,밤,9,24.5,23.8,52.2,105.49,224.43,53.53,0
2호기,밤,14,31.1,22.9,62.6,110.66,174.03,47.01,0
1호기,밤,1,25.3,23.0,53.8,81.69,221.03,45.83,0
3호기,밤,12,26.6,25.2,42.4,91.95,170.96,49.49,0
1호기,밤,14,29.4,27.9,58.6,103.81,184.56,49.22,0
2호기,낮,,27.1,28.7,51.8,108.18,183.51,48.03,0
1호기,밤,5,29.8,18.3,55.0,101.61,210.39,49.18,0
1호기,밤,14,28.0,24.3,56.6,85.60,242.79,38.03,0
2호기,밤,15,30.5,30.2,54.5,76.93,188.51,45.53,0
3호기,낮,5,27.7,24.3,56.3,99.95,211.44,42.90,0
2호기,밤,2,23.2,24.3,48.6,115.04,214.20,56.39,0
1호기,밤,9,27.9,24.2,61.3,91.59,185.28,48.35,0
2호기,밤,4,28.5,32.7,64.1,84.61,186.39,48.48,1
1호기,밤,7,27.0,24.1,44.3,92.68,176.06,43.65,0
3호기,낮,14,29.1,21.1,69.9,89.97,179.57,44.94,0
3호기,밤,9,26.7,28.7,58.0,99.60,204.65,54.17,0
3호기,밤,3,32.0,31.3,44.3,91.31,199.50,45.19,0
3호기,밤,14,27.0,22.7,63.5,89.15,218.93,55.47,0
1호기,밤,16,30.4,22.8,67.3,120.07,191.17,54.71,0
1호기,낮,5,24.1,26.5,42.6,109.62,194.05,49.42,0
3호기,밤,7,34.2,22.2,63.7,99.50,216.20,49.45,0
1호기,밤,15,25.1,20.2,69.2,88.81,213.27,57.16,0
2호기,낮,16,33.3,28.3,50.6,94.11,187.73,47.70,0
2호기,낮,6,33.0,32.1,46.9,115.25,208.13,44.42,0
1호기,낮,16,24.2,22.1,55.3,93.69,234.47,48.97,0
2호기,낮,0,36.5,26.3,51.7,89.70,184.98,47.17,0
3호기,밤,16,30.0,26.9,46.6,98.88,207.19,61.31,0
3호기,낮,1,23.5,32.9,46.4,116.41,225.63,43.66,1
3호기,밤,0,31.1,21.0,28.5,97.93,208.68,52.98,0
2호기,낮,7,30.1,23.7,44.3,100.91,225.02,54.60,0
2호기,낮,5,41.3,23.8,66.0,106.80,219.82,51.60,0
3호기,밤,11,26.7,23.5,51.3,107.97,207.13,47.59,0
1호기,밤,16,30.2,22.7,50.6,99.38,191.67,44.59,0
1호기,낮,6,27.5,26.2,50.8,94.21,189.92,44.32,0
2호기,밤,2,29.8,24.8,45.5,99.88,205.31,49.74,0
1호기,낮,9,31.1,27.0,55.0,97.89,212.85,44.61,0
3호기,낮,3,27.3,25.8,52.1,102.01,209.41,42.04,0
1호기,낮,9,33.5,30.9,42.9,109.52,199.83,44.35,0
1호기,낮,1,31.9,22.9,51.6,92.63,206.02,40.37,0
3호기,낮,8,29.2,24.3,57.5,109.25,200.84,62.29,0
2호기,낮,7,26.4,28.0,54.6,97.58,214.72,50.48,0
2호기,낮,3,37.5,21.7,34.9,109.71,222.34,36.45,0
1호기,낮,15,37.4,22.1,34.0,102.54,199.11,43.51,0
1호기,밤,10,28.5,21.9,27.2,121.13,176.56,44.83,0
1호기,밤,12,30.0,22.8,38.6,116.02,223.74,48.85,0
2호기,밤,3,,29.8,57.1,72.08,213.94,47.01,0
1호기,낮,9,29.8,21.8,57.2,93.45,216.95,54.54,0
1호기,낮,8,28.3,24.8,53.4,87.56,217.54,46.10,0
1호기,낮,15,36.3,26.3,38.3,95.06,171.70,52.23,0
2호기,밤,15,33.9,27.5,45.3,102.81,207.76,45.27,0
2호기,낮,8,34.6,20.8,43.1,100.67,183.17,48.80,0
2호기,밤,5,28.1,30.7,48.8,112.59,193.63,55.82,0
2호기,낮,9,,27.2,54.6,95.59,166.09,57.16,0
3호기,낮,15,28.2,23.8,47.5,124.29,219.58,51.16,0
2호기,낮,7,21.3,25.8,43.7,102.39,195.88,64.12,0
2호기,낮,0,23.5,24.5,64.4,94.31,214.76,57.20,0
1호기,낮,1,26.2,23.1,40.7,93.96,195.92,42.45,0
3호기,밤,13,27.4,24.4,36.8,94.18,202.02,47.53,0
2호기,낮,1,28.3,25.4,54.2,95.17,180.76,50.88,0
1호기,낮,3,,30.1,47.5,109.52,205.51,34.71,0
1호기,낮,6,24.5,22.2,62.0,96.95,255.25,52.62,0
1호기,낮,,35.3,26.4,57.2,113.84,186.49,46.50,0
1호기,밤,15,28.3,24.3,57.0,110.07,193.99,50.75,0
2호기,낮,16,35.8,26.5,42.7,102.49,207.03,50.72,0
2호기,낮,14,30.7,19.3,34.0,97.89,199.37,55.04,0
1호기,낮,6,34.8,20.2,51.1,104.91,177.67,48.65,0
3호기,밤,8,27.7,23.0,45.2,88.09,202.12,47.30,0
1호기,낮,11,28.9,26.3,40.6,99.06,189.62,45.56,0
3호기,밤,10,29.8,23.0,45.7,115.87,211.19,53.19,0
2호기,밤,8,33.6,22.7,67.0,108.74,206.03,49.08,0
1호기,밤,2,25.9,24.6,48.9,99.26,223.40,50.19,0
3호기,낮,1,32.2,19.2,62.5,107.54,193.92,50.82,0
1호기,밤,3,29.1,19.1,48.6,99.82,196.15,49.77,0
2호기,밤,12,23.5,24.7,66.9,98.41,233.43,60.34,0
1호기,낮,7,29.4,26.4,44.1,106.15,210.56,49.89,0
1호기,낮,6,,21.4,75.9,93.73,210.30,49.97,0
1호기,밤,12,32.1,24.3,33.0,94.26,181.20,60.51,0
1호기,밤,13,23.6,25.7,54.6,90.83,234.56,56.21,0
3호기,낮,10,32.2,29.5,42.6,89.79,211.38,60.30,0
2호기,낮,2,23.3,25.0,50.0,101.65,196.91,43.93,0
1호기,낮,13,32.9,27.5,50.8,111.16,178.53,56.09,0
3호기,낮,16,36.8,26.8,65.8,96.26,220.26,49.22,0
3호기,낮,7,26.2,23.9,72.3,84.97,199.11,62.16,0
3호기,낮,7,32.9,21.7,54.7,87.79,209.32,51.68,0
1호기,밤,7,24.7,26.6,32.1,109.45,182.88,42.07,0
2호기,밤,9,29.2,25.1,61.5,107.12,205.66,46.42,0
2호기,낮,0,23.7,28.5,58.5,96.90,205.50,54.71,0
1호기,밤,12,34.6,29.5,52.6,103.87,198.97,53.27,0
3호기,밤,7,29.8,25.5,50.9,115.76,167.56,45.58,0
3호기,낮,12,34.6,23.8,46.3,107.76,192.95,50.13,0
1호기,밤,0,26.1,24.0,38.7,87.29,214.35,51.06,0
2호기,낮,13,20.2,23.9,56.9,87.84,224.92,50.21,0
3호기,낮,10,21.8,19.1,66.8,84.86,189.74,47.59,0
3호기,밤,10,28.0,26.7,49.6,111.38,212.47,53.84,0
3호기,밤,,30.3,19.8,39.8,101.48,187.29,56.32,0
3호기,낮,9,28.2,22.2,74.8,120.61,228.44,37.96,0
2호기,낮,2,32.1,23.2,66.0,115.18,200.43,48.38,0
2호기,밤,16,17.2,22.2,56.3,115.41,163.55,45.66,0
1호기,밤,13,28.3,23.7,47.3,109.19,213.94,48.65,0
3호기,낮,5,27.7,26.5,41.5,92.32,194.31,51.86,0
3호기,낮,4,24.7,26.7,58.8,94.60,204.92,50.43,0
3호기,밤,16,45.3,23.9,46.3,95.56,205.06,42.47,0
3호기,밤,10,23.5,19.8,55.0,100.42,220.68,53.17,0
2호기,낮,4,,23.6,48.5,111.97,202.03,52.79,0
1호기,낮,9,24.1,28.9,51.6,104.05,248.89,54.13,0
2호기,낮,5,35.0,25.9,48.1,98.52,229.89,55.56,0
2호기,밤,7,21.5,29.5,33.1,89.12,233.30,49.05,0
3호기,낮,3,33.4,30.3,52.4,105.70,178.12,46.38,0
2호기,낮,6,25.5,22.1,44.3,110.71,171.45,52.67,0
3호기,밤,7,33.0,24.6,37.3,79.71,201.50,43.87,0
3호기,낮,11,30.3,21.6,49.6,102.70,183.98,51.82,0
1호기,낮,,28.1,24.1,51.6,101.44,214.29,39.61,0
3호기,낮,6,33.6,21.5,57.3,100.85,186.56,52.85,0
1호기,밤,5,29.9,26.2,52.8,93.96,211.39,50.27,0
1호기,밤,2,38.6,28.4,55.2,82.82,221.70,50.95,0
1호기,밤,13,29.0,27.3,48.4,88.15,163.45,49.51,0
1호기,낮,12,28.5,23.0,45.0,89.99,222.00,46.02,0
1호기,밤,10,34.5,21.6,50.6,100.19,196.70,52.80,0
1호기,낮,15,34.0,21.2,30.3,99.29,182.27,45.00,0
2호기,낮,14,32.6,29.2,54.2,92.51,199.39,44.04,0
3호기,낮,2,38.8,29.4,52.8,98.18,176.72,44.32,0
1호기,밤,1,32.0,24.5,36.6,109.09,213.11,48.83,0
1호기,낮,12,37.5,26.2,60.2,112.60,185.95,56.51,0
1호기,밤,11,28.4,27.1,48.4,97.35,159.69,51.69,0
2호기,낮,9,34.3,19.2,55.5,116.42,202.94,43.90,0
1호기,밤,7,32.0,27.8,43.9,81.88,205.07,59.84,0
3호기,낮,12,28.7,19.8,63.8,113.70,183.62,54.81,0
2호기,밤,2,,23.0,53.6,105.39,214.53,47.18,0
1호기,낮,,39.2,26.1,47.9,112.19,143.52,50.86,0
1호기,낮,8,34.1,28.6,62.9,99.24,168.29,53.59,0
3호기,밤,8,32.1,22.6,60.5,102.22,134.79,53.94,0
1호기,낮,1,22.7,25.4,42.4,105.82,225.14,53.39,0
1호기,낮,7,23.1,23.1,59.2,89.53,208.20,47.43,0
3호기,낮,11,26.4,19.5,38.9,122.28,218.49,44.98,0
1호기,낮,16,21.6,24.5,52.2,99.83,168.43,52.22,0
2호기,낮,7,35.7,22.4,44.2,102.07,215.06,52.02,0
3호기,낮,7,30.2,22.6,43.8,93.75,217.29,38.33,0
2호기,낮,11,33.7,22.9,47.9,111.61,178.07,53.14,0
1호기,낮,6,,25.6,49.5,101.93,212.29,53.99,0
2호기,낮,3,33.2,21.1,49.3,117.11,202.84,46.67,0
2호기,낮,9,29.5,27.6,47.0,109.05,175.97,47.56,0
2호기,낮,16,26.4,18.9,35.4,83.92,187.33,46.66,0
1호기,낮,3,37.0,26.9,42.4,94.75,216.94,45.63,0
2호기,낮,12,31.4,30.4,48.0,91.64,189.80,61.95,0
1호기,밤,11,34.6,27.2,41.7,100.06,210.18,48.91,0
2호기,밤,10,37.0,24.8,49.2,100.16,180.52,46.34,0
3호기,밤,3,25.4,29.6,59.1,83.94,195.02,52.15,1
2호기,밤,9,32.4,28.4,49.8,90.78,209.82,49.24,0
2호기,밤,8,33.8,30.3,56.9,109.67,203.62,46.71,0
3호기,낮,4,27.3,24.5,58.3,98.26,184.16,47.67,0
1호기,밤,0,28.4,20.0,69.4,88.79,214.32,44.04,0
2호기,낮,11,,19.9,47.6,102.55,205.25,53.65,0
1호기,낮,14,31.3,21.6,60.9,102.46,203.93,47.72,0
2호기,낮,16,34.5,24.7,36.0,98.63,220.04,43.22,0
3호기,낮,3,26.2,26.4,40.4,101.82,173.75,55.74,0
3호기,밤,8,21.9,27.2,59.7,87.85,199.52,44.35,0
1호기,낮,2,37.8,17.7,51.2,98.18,211.23,51.97,0
1호기,밤,16,32.0,26.2,41.0,103.57,183.61,43.92,0
1호기,밤,6,,24.0,51.7,85.70,213.68,47.55,0
1호기,낮,8,30.6,23.5,45.2,97.82,208.98,48.64,0
1호기,밤,4,35.0,23.7,45.5,116.86,231.08,42.48,0
1호기,밤,16,32.4,30.2,56.6,103.98,147.51,43.69,0
1호기,낮,10,39.5,21.6,60.6,92.17,194.65,47.67,0
1호기,밤,3,31.3,25.0,28.7,100.77,218.38,45.17,0
3호기,낮,9,29.6,28.6,65.5,101.42,187.95,43.92,0
2호기,낮,11,27.8,23.8,56.4,102.52,220.07,40.20,0
2호기,밤,0,25.3,23.9,31.0,114.75,195.24,53.02,0
2호기,낮,13,25.3,22.0,52.3,116.10,176.64,42.28,0
3호기,밤,3,41.0,20.1,52.5,87.60,203.44,50.28,0
2호기,밤,10,31.8,28.4,43.2,96.86,200.86,51.00,0
2호기,밤,16,29.9,31.7,34.2,93.56,212.02,48.34,0
2호기,낮,0,32.1,25.8,41.6,100.65,183.96,63.53,0
3호기,밤,16,26.9,30.8,55.8,110.64,194.32,48.49,0
2호기,낮,11,31.0,25.7,49.9,110.20,155.13,51.74,0
3호기,밤,6,31.4,20.8,52.9,118.60,221.85,49.25,0
3호기,낮,7,29.3,24.2,63.2,88.46,202.70,49.11,0
1호기,밤,13,24.5,23.4,55.6,86.93,210.16,49.99,0
1호기,낮,15,27.9,20.4,47.9,93.99,217.20,52.64,0
3호기,낮,12,37.1,22.8,43.8,106.53,168.08,55.03,0
1호기,밤,2,30.3,25.5,65.9,101.96,174.12,42.68,0
3호기,밤,1,32.2,22.6,38.7,93.11,211.91,48.55,0
1호기,밤,13,30.4,22.0,37.1,109.33,183.30,54.86,0
3호기,밤,15,41.6,28.7,63.6,109.03,169.32,44.01,0
3호기,낮,16,35.1,31.4,55.8,96.54,191.50,48.73,0
2호기,낮,5,41.8,22.4,39.7,111.11,172.65,46.23,0
1호기,낮,6,29.9,22.6,57.6,103.47,173.65,46.90,0
3호기,밤,6,34.6,27.7,30.9,122.34,183.54,43.24,0
3호기,밤,0,46.1,29.2,36.9,107.82,184.35,45.05,0
1호기,낮,0,21.0,24.0,50.3,109.90,166.75,40.71,0
1호기,낮,1,31.4,20.8,50.4,101.98,199.91,52.61,0
2호기,낮,12,41.5,24.6,33.6,104.76,195.93,38.45,0
2호기,낮,16,37.4,27.9,35.1,108.17,193.05,50.30,0
2호기,밤,9,23.0,26.6,44.8,114.12,202.80,48.24,0
1호기,낮,2,22.1,23.4,47.0,100.17,183.15,40.38,0
3호기,밤,6,31.6,24.1,36.3,102.17,190.76,42.58,0
3호기,낮,5,29.3,18.5,50.7,89.23,197.48,41.99,0
3호기,낮,12,25.6,27.1,35.5,94.11,171.78,44.90,1
3호기,밤,15,34.2,26.2,47.3,98.43,181.66,44.07,0
2호기,밤,2,29.8,18.9,59.5,91.54,203.08,45.88,0
3호기,낮,12,23.2,24.3,43.7,105.50,196.94,56.46,0
3호기,낮,2,26.6,22.8,45.9,102.89,223.14,47.72,0
2호기,밤,15,27.9,31.7,63.1,105.13,169.62,57.39,0
2호기,낮,6,32.2,22.8,53.7,109.91,188.15,49.15,0
2호기,밤,11,32.6,23.9,45.0,104.90,187.91,47.50,0
3호기,밤,12,18.9,29.0,48.2,100.01,194.59,55.80,0
3호기,밤,9,33.2,25.4,36.7,97.88,172.36,51.31,0
1호기,밤,9,24.0,26.2,51.3,114.77,202.62,51.45,0
3호기,밤,7,25.7,18.8,34.0,83.52,196.67,55.07,0
2호기,밤,6,33.7,17.7,35.1,108.32,233.35,42.57,0
1호기,낮,10,31.0,20.1,52.7,98.11,179.62,50.57,0
3호기,밤,16,35.2,30.8,40.1,108.29,194.92,51.17,0
1호기,밤,0,28.6,31.4,53.1,95.95,213.67,53.52,0
3호기,낮,13,30.4,27.1,49.5,89.60,215.27,43.14,0
2호기,밤,3,,30.0,42.6,105.18,192.34,54.49,0
3호기,낮,5,40.9,32.3,35.6,106.48,208.51,54.41,0
2호기,낮,7,21.6,24.5,50.3,103.36,208.41,52.79,0
2호기,밤,5,35.9,26.3,39.2,90.46,219.43,54.55,0
1호기,낮,2,31.3,32.0,36.0,98.42,216.96,54.23,0
2호기,밤,12,27.2,25.9,38.0,88.02,200.40,51.74,0
3호기,낮,2,21.0,28.2,50.9,110.11,214.18,52.35,0
2호기,낮,10,27.8,28.6,59.6,108.79,192.95,53.01,0
3호기,밤,3,33.2,25.9,47.5,110.52,176.69,51.04,0
1호기,낮,16,38.9,23.9,50.2,113.39,232.69,53.84,0
3호기,밤,1,34.2,24.7,53.8,95.32,170.11,49.59,0
1호기,밤,8,32.3,17.2,51.5,89.84,201.62,58.73,0
3호기,밤,12,33.9,23.9,66.7,95.97,185.74,44.04,0
3호기,낮,6,32.1,26.9,47.7,105.26,202.52,47.00,0
1호기,밤,9,31.4,26.2,45.5,82.34,194.24,56.00,0
3호기,낮,10,29.4,25.8,52.3,118.33,202.73,47.35,0
2호기,낮,14,30.3,26.3,53.0,97.79,198.70,49.11,0
3호기,밤,10,25.0,25.4,49.4,96.02,230.11,46.94,0
1호기,낮,5,30.8,24.0,49.6,81.77,194.94,54.83,0
1호기,낮,8,39.9,23.6,46.8,73.72,175.06,50.40,0
1호기,밤,0,32.6,20.2,63.1,97.28,201.13,49.67,0
1호기,밤,6,30.5,25.6,39.2,91.28,199.54,49.64,0
3호기,밤,14,35.4,29.5,50.3,83.84,241.09,54.15,0
1호기,낮,6,34.9,18.1,47.1,77.22,221.50,48.68,0
3호기,낮,10,36.1,22.4,44.0,110.64,200.47,57.49,0
3호기,밤,16,21.7,26.3,44.3,95.56,190.87,52.21,0
1호기,밤,14,27.7,28.3,34.2,97.83,214.65,51.29,0
2호기,낮,8,37.7,23.5,55.3,103.52,166.33,49.04,0
3호기,밤,13,25.1,29.7,40.3,97.95,203.85,57.82,0
3호기,낮,6,25.4,26.7,36.7,98.20,191.64,52.24,0
3호기,밤,13,28.1,26.1,47.6,108.86,225.89,48.30,0
3호기,밤,8,27.0,25.6,44.7,99.03,204.78,51.99,0
3호기,밤,6,16.0,29.0,70.1,101.63,186.73,43.57,0
1호기,낮,1,30.7,24.9,50.4,97.94,231.11,50.63,0
1호기,낮,16,30.2,24.0,56.0,91.24,213.21,40.48,0
1호기,밤,15,30.6,27.0,66.4,113.13,230.07,47.52,0
3호기,낮,5,40.4,22.2,53.4,87.97,163.87,46.55,0
2호기,밤,8,31.2,24.8,38.1,93.57,191.69,48.88,0
1호기,밤,12,35.5,24.7,42.0,107.52,212.31,51.45,0
1호기,밤,2,36.3,22.2,43.0,78.09,222.00,54.61,0
1호기,낮,2,33.0,22.2,56.8,90.18,212.34,56.33,0
2호기,낮,10,33.6,23.0,64.0,120.24,195.49,43.97,0
1호기,낮,0,33.7,23.9,51.1,104.91,164.11,48.00,0
2호기,밤,11,30.4,23.3,46.3,104.44,219.73,53.73,0
1호기,낮,0,37.0,19.5,42.2,106.02,197.54,47.82,0
1호기,밤,12,32.9,22.9,61.7,87.39,219.89,46.21,0
2호기,낮,10,32.5,30.8,62.4,102.18,197.47,56.79,0
1호기,밤,11,24.0,24.2,41.6,93.12,198.40,55.89,0
2호기,낮,1,39.3,25.1,39.7,91.89,211.08,45.31,0
2호기,낮,12,33.3,25.7,55.1,107.98,220.73,50.05,0
3호기,밤,9,41.0,22.5,56.5,113.56,200.07,50.65,0
2호기,밤,1,28.9,22.9,44.2,92.41,204.83,45.37,0
3호기,낮,3,28.2,27.4,53.3,85.70,160.42,41.94,0
3호기,낮,4,35.2,24.7,62.5,89.45,185.73,42.49,0
1호기,낮,14,33.9,21.5,46.9,98.32,205.06,57.78,0
1호기,밤,9,35.3,21.2,41.6,100.55,228.56,50.12,0
2호기,낮,11,38.3,23.5,49.8,92.71,191.60,48.21,0
3호기,밤,15,19.1,21.6,47.5,125.83,205.84,51.10,0
3호기,밤,12,37.7,29.9,44.8,106.20,205.68,51.12,0
2호기,낮,5,27.9,24.7,39.1,94.06,210.31,46.51,0
3호기,밤,9,30.3,24.7,47.3,113.15,237.12,50.97,0
2호기,밤,13,26.1,24.4,41.8,125.18,173.66,47.66,0
3호기,밤,5,28.5,26.3,61.2,97.26,181.26,43.55,0
1호기,낮,16,26.8,27.7,69.2,90.06,233.35,48.31,0
2호기,밤,0,31.7,23.4,62.7,109.47,192.50,51.49,0
1호기,밤,15,29.3,28.6,48.6,100.67,190.49,45.53,0
2호기,낮,12,35.9,25.6,53.2,102.70,211.32,47.08,0
3호기,낮,9,39.0,23.3,38.5,83.57,180.13,50.41,0
3호기,밤,14,24.4,23.6,41.0,103.65,180.99,47.52,0
2호기,낮,8,27.7,27.4,32.2,88.93,210.07,53.23,0
3호기,낮,10,21.3,22.7,60.3,122.93,181.38,45.28,0
1호기,밤,14,26.0,28.2,53.9,94.46,199.92,41.44,0
1호기,밤,7,33.8,24.9,61.5,110.82,169.47,45.20,0
1호기,낮,16,26.7,26.6,35.2,123.49,201.82,59.57,0
1호기,밤,15,27.2,22.8,42.4,91.25,172.41,47.44,0
2호기,낮,10,27.8,24.4,43.1,84.06,179.13,49.29,0
2호기,낮,12,32.0,24.8,60.0,86.36,177.79,51.00,0
1호기,밤,5,33.5,26.2,57.7,93.81,211.67,64.50,0
1호기,밤,10,25.3,26.9,58.6,97.83,228.39,45.66,0
1호기,밤,6,19.9,22.4,56.9,93.06,203.49,50.56,0
2호기,밤,10,29.0,24.4,48.4,100.53,187.28,34.78,0
1호기,낮,1,24.2,20.6,48.4,102.53,190.03,43.25,0
1호기,낮,5,33.7,29.4,47.0,102.25,163.08,46.31,0
1호기,낮,14,29.9,29.7,47.3,106.91,205.92,48.48,0
1호기,밤,7,30.0,20.8,41.5,103.79,172.89,40.13,0
3호기,낮,14,33.9,22.7,34.1,96.95,184.88,52.57,0
2호기,밤,12,20.1,24.8,40.0,110.43,224.63,50.28,0
2호기,밤,2,29.2,24.9,42.6,97.86,200.66,53.98,0
1호기,밤,2,32.0,32.8,39.0,92.76,194.98,56.23,0
2호기,밤,2,27.2,23.4,46.7,96.51,219.87,50.87,0
1호기,낮,16,36.9,22.9,41.2,99.68,219.08,47.99,0
1호기,밤,16,28.7,21.9,39.1,92.96,213.37,51.82,0
3호기,밤,13,27.3,27.2,53.4,108.90,212.24,51.41,0
2호기,밤,,27.6,26.5,44.8,102.96,188.58,56.85,0
2호기,낮,6,32.8,24.6,53.3,103.21,203.06,45.78,0
2호기,밤,10,31.2,24.2,66.1,93.74,244.87,46.48,0
3호기,밤,6,33.2,19.9,45.1,99.71,217.88,47.44,0
1호기,낮,1,31.4,27.8,57.7,94.27,223.48,50.32,0
1호기,낮,15,29.7,29.9,57.9,96.03,191.43,47.68,0
2호기,밤,7,25.2,27.5,43.1,95.20,239.61,52.25,0
2호기,밤,14,36.0,21.6,43.1,103.45,206.29,44.16,0
2호기,밤,16,25.5,20.2,48.2,103.52,198.77,50.11,0
1호기,밤,2,34.1,25.6,73.2,104.52,199.67,53.12,0
2호기,낮,5,31.6,20.8,42.4,85.44,205.15,54.18,0
3호기,낮,,30.7,19.6,73.2,111.92,188.60,48.21,0
2호기,낮,10,28.9,30.1,60.7,105.05,207.95,50.57,0
1호기,낮,1,24.6,29.5,55.5,91.22,217.53,51.59,0
2호기,밤,13,30.5,24.5,54.2,103.27,221.07,63.18,0
3호기,낮,13,28.0,20.2,40.9,92.02,216.37,44.81,0
3호기,밤,1,37.0,24.4,55.5,117.50,232.89,44.93,0
3호기,밤,14,32.7,27.4,51.5,102.86,183.64,47.70,0
1호기,밤,7,27.0,24.1,61.6,96.41,211.21,43.99,0
1호기,낮,3,24.5,26.7,46.3,102.57,175.28,44.73,0
1호기,낮,4,29.0,24.4,58.6,107.27,209.14,53.39,0
3호기,밤,6,37.3,27.5,51.0,107.72,171.28,57.24,0
2호기,밤,5,22.7,23.7,45.3,114.93,202.68,49.59,0
1호기,밤,1,33.2,18.6,61.6,107.33,213.50,42.77,0
3호기,밤,15,34.5,27.5,56.7,100.53,211.92,44.20,0
3호기,밤,5,28.0,29.0,47.9,89.99,201.03,40.34,0
3호기,밤,11,33.1,24.9,41.6,110.32,172.54,47.55,0
3호기,밤,2,28.2,30.4,68.8,106.27,219.97,61.29,0
2호기,밤,7,36.6,32.6,46.9,107.04,216.98,49.96,0
1호기,낮,1,28.7,30.2,44.8,98.13,185.86,50.26,0
2호기,밤,1,25.6,24.3,50.2,107.32,197.20,54.38,0
3호기,낮,10,25.9,25.2,58.4,110.82,205.76,53.64,0
1호기,밤,13,29.1,25.2,66.3,110.68,219.04,57.26,0
1호기,낮,14,28.8,17.6,41.2,119.91,186.82,56.07,0
2호기,밤,0,36.6,24.2,52.8,110.68,213.71,46.03,0
2호기,낮,11,,23.9,48.7,93.65,191.51,58.56,0
3호기,낮,10,25.3,29.0,43.5,101.17,247.13,48.84,0
2호기,낮,0,32.3,19.0,52.5,102.98,164.43,40.66,0
2호기,밤,16,37.0,19.2,66.3,104.11,201.35,60.80,0
3호기,낮,14,26.3,31.3,45.7,103.32,180.26,49.16,0
2호기,밤,14,30.0,25.6,33.7,110.13,201.76,40.88,0
1호기,낮,3,29.9,22.8,48.2,87.66,167.06,42.88,0
2호기,낮,1,33.2,28.3,50.9,98.70,230.67,45.70,0
3호기,낮,13,37.5,21.6,52.1,99.28,245.30,51.65,0
3호기,밤,8,33.0,26.8,47.0,103.99,159.97,43.73,0
1호기,밤,12,30.2,26.2,49.6,88.64,173.71,45.74,0
1호기,밤,5,34.9,25.2,53.6,100.11,179.06,53.77,0
2호기,낮,5,25.3,25.3,63.2,85.26,183.41,44.37,0
3호기,밤,8,39.1,25.6,55.7,95.33,195.73,46.02,0
1호기,밤,3,35.7,25.4,43.8,101.83,210.15,43.70,0
3호기,낮,6,,20.0,56.4,90.71,209.43,50.82,0
1호기,낮,2,28.3,24.8,55.4,88.39,210.04,55.12,0
2호기,낮,11,35.2,28.2,60.5,105.34,223.92,54.43,0
1호기,밤,12,29.7,27.8,46.0,103.40,223.97,52.22,0
3호기,밤,7,37.8,24.6,53.7,99.07,237.40,53.43,0
3호기,낮,9,31.8,23.2,40.2,100.76,184.59,46.80,0
2호기,밤,15,22.0,24.9,50.1,108.62,211.02,44.22,0
1호기,낮,11,30.9,21.7,48.7,97.63,220.17,48.19,0
1호기,낮,13,27.4,23.7,39.7,92.61,207.33,61.69,0
3호기,밤,7,28.0,24.4,50.9,102.25,197.18,54.92,0
1호기,낮,13,32.6,25.7,36.6,116.98,235.66,60.78,0
2호기,낮,9,29.0,22.3,51.7,103.97,200.68,50.65,0
1호기,밤,6,25.9,24.2,63.0,109.23,232.61,57.56,0
1호기,밤,13,32.8,22.7,38.1,110.21,229.18,52.79,0
1호기,낮,16,24.2,21.4,43.6,110.00,194.37,51.04,0
1호기,낮,10,25.2,28.2,38.2,105.87,188.59,58.58,0
2호기,밤,16,36.1,25.3,45.0,94.69,202.94,50.50,0
3호기,밤,0,39.3,25.7,54.2,113.97,194.31,54.24,0
2호기,낮,4,,23.1,55.2,97.82,223.64,53.60,0
3호기,밤,10,35.1,26.8,35.7,102.91,203.54,38.92,0
2호기,밤,15,32.0,23.7,65.7,100.24,198.33,55.41,0
2호기,낮,6,25.9,24.6,57.1,89.62,192.24,48.49,0
3호기,낮,4,33.0,29.0,50.7,113.48,195.15,54.12,0
3호기,밤,10,31.7,26.8,34.4,86.42,231.16,52.55,0
3호기,밤,1,33.0,23.2,48.0,101.79,225.42,49.86,0
2호기,밤,15,31.7,32.3,48.5,102.65,219.03,47.35,0
3호기,낮,7,33.9,26.9,53.3,124.01,178.86,41.20,0
3호기,밤,9,31.5,21.1,54.6,103.55,194.00,47.54,0
3호기,밤,2,28.0,31.2,42.9,114.88,195.67,53.97,0
2호기,낮,1,27.3,20.1,62.8,99.36,169.22,49.62,0
1호기,밤,2,36.8,25.7,82.3,96.29,156.28,51.03,0
3호기,낮,2,34.9,24.4,42.6,99.99,261.10,47.22,0
3호기,밤,4,33.4,20.3,54.0,96.87,186.12,48.61,0
3호기,밤,2,34.3,22.6,60.2,91.81,183.42,47.70,0
1호기,밤,16,28.3,28.4,30.8,115.47,164.53,44.42,0
1호기,밤,16,28.5,27.8,61.6,114.00,178.83,53.37,0
2호기,낮,10,40.7,29.1,42.3,109.98,188.49,49.12,0
2호기,낮,7,24.7,25.8,54.8,104.74,189.52,39.20,0
2호기,낮,5,38.9,26.7,37.1,87.18,202.31,46.91,0
2호기,밤,9,26.2,24.4,50.2,96.29,217.75,51.77,0
1호기,낮,3,33.1,27.2,59.8,76.57,239.21,51.22,0
1호기,낮,7,28.0,21.1,41.7,90.12,179.41,56.38,0
3호기,밤,9,31.6,25.4,49.0,93.08,187.73,53.04,0
1호기,낮,,26.5,26.5,42.8,119.22,220.55,52.81,0
1호기,낮,,30.9,26.3,59.7,97.50,203.79,47.09,0
1호기,밤,6,33.7,29.4,55.5,105.80,231.60,39.80,0
3호기,밤,10,22.3,25.2,57.7,79.96,202.76,47.92,0
2호기,낮,15,31.4,23.1,43.3,111.15,205.96,39.63,0
1호기,밤,9,35.1,22.4,58.9,107.60,192.34,54.30,0
1호기,낮,3,33.0,23.3,66.5,87.83,185.52,59.66,0
1호기,밤,1,31.6,20.1,50.9,110.12,180.54,57.74,0
2호기,밤,4,29.8,23.2,47.1,103.07,188.87,58.75,0
3호기,낮,9,31.5,32.1,52.1,99.81,187.42,46.76,0
3호기,낮,8,34.2,24.6,30.4,97.59,151.40,48.56,0
2호기,밤,13,32.5,30.3,55.9,109.48,238.71,46.50,0
1호기,밤,,40.3,27.1,30.9,116.75,184.86,54.63,0
2호기,낮,13,35.3,22.9,58.2,93.60,173.32,58.02,0
3호기,밤,6,37.9,30.6,58.7,104.49,199.43,44.07,0
3호기,밤,5,37.5,22.2,41.8,91.53,173.55,54.95,0
1호기,낮,12,41.8,23.0,46.6,106.41,195.07,46.89,0
3호기,낮,15,25.5,27.6,53.9,109.88,170.35,50.54,0
2호기,낮,5,24.0,27.8,57.4,86.39,178.67,57.08,0
2호기,낮,11,31.0,21.8,52.2,116.17,202.76,50.66,0
3호기,낮,12,28.7,32.1,56.1,105.27,200.56,60.34,0
2호기,낮,12,31.3,32.3,56.6,108.86,217.74,50.02,0
1호기,밤,16,31.3,23.3,56.0,107.35,226.44,55.71,0
3호기,밤,10,40.6,25.4,45.7,109.00,187.72,53.96,0
3호기,낮,1,31.4,21.0,57.6,92.93,179.58,44.89,0
1호기,밤,15,33.1,23.3,62.3,105.47,219.70,52.32,0
1호기,낮,1,32.8,27.0,38.2,94.56,172.38,50.31,0
3호기,밤,16,23.7,26.4,38.7,98.32,183.40,42.69,0
3호기,낮,14,28.5,23.2,45.5,106.14,151.87,50.93,0
2호기,낮,12,32.3,21.3,54.5,115.06,224.23,46.91,0
1호기,밤,7,26.9,28.5,44.0,103.97,218.09,53.63,0
1호기,밤,6,27.0,27.7,43.3,95.99,213.94,51.21,0
3호기,낮,14,30.7,22.7,67.6,110.41,186.62,42.05,0
3호기,밤,3,27.7,27.9,54.6,104.00,202.24,47.17,0
3호기,낮,11,24.3,25.5,44.3,104.93,192.78,38.46,0
2호기,낮,12,35.4,21.0,57.1,82.77,182.97,46.28,0
2호기,낮,11,25.2,25.0,61.2,108.20,219.63,54.89,0
3호기,낮,7,37.7,24.0,50.8,101.84,177.00,41.95,0
2호기,밤,,31.5,24.3,39.6,104.02,200.71,52.53,0
3호기,낮,15,26.3,25.3,45.1,108.79,190.80,45.81,0
3호기,밤,11,39.8,28.7,58.0,102.39,161.66,49.98,0
3호기,밤,15,33.1,23.1,65.1,93.25,196.18,46.98,0
2호기,밤,15,23.0,28.8,57.7,107.78,212.64,40.50,0
1호기,밤,6,27.2,23.7,35.5,112.56,179.66,45.94,0
1호기,밤,5,19.3,26.0,43.2,90.18,211.75,44.10,0
3호기,낮,8,31.5,23.3,50.0,108.84,150.02,50.51,0
3호기,낮,8,35.4,34.5,60.0,95.48,158.83,41.07,0
1호기,낮,11,27.1,26.0,27.0,112.65,208.35,48.70,0
3호기,낮,5,33.8,25.4,46.2,102.77,189.38,48.73,0
1호기,낮,1,29.3,26.3,53.6,105.27,183.98,50.32,0
2호기,밤,5,36.2,25.4,49.8,110.15,164.70,56.39,0
1호기,낮,8,33.1,26.1,31.5,105.42,204.45,50.90,0
1호기,낮,1,31.5,27.7,49.5,94.61,193.12,43.81,0
3호기,밤,11,31.0,22.7,64.0,105.90,202.82,50.86,0
1호기,밤,14,31.9,23.5,51.9,108.37,168.02,53.68,0
1호기,낮,11,30.6,27.0,63.6,113.82,206.80,42.86,0
2호기,낮,8,35.7,22.8,43.0,92.44,223.33,51.93,0
3호기,낮,,36.7,26.4,28.4,100.18,201.17,42.90,0
2호기,밤,4,32.1,27.8,56.5,112.94,197.36,42.05,0
2호기,밤,1,28.8,22.7,75.4,97.82,212.07,50.39,0
3호기,낮,16,36.8,24.3,31.0,107.41,170.39,50.91,0
2호기,낮,4,29.2,25.8,64.3,93.38,188.05,47.65,0
3호기,밤,15,25.8,23.7,42.3,88.78,213.15,41.57,0
1호기,밤,13,31.8,26.0,49.4,109.13,202.76,47.68,0
2호기,밤,13,35.5,24.4,62.3,89.11,204.16,53.80,0
2호기,밤,9,31.2,29.4,41.8,102.26,209.56,40.52,0
2호기,밤,9,34.1,25.6,59.8,96.04,199.37,56.76,0
2호기,밤,8,34.5,22.3,42.0,95.36,190.65,47.25,0
1호기,밤,5,26.2,23.5,35.2,113.74,225.70,52.49,0
1호기,밤,8,28.9,25.1,36.8,112.21,207.17,48.86,0
1호기,밤,10,29.7,26.1,46.1,95.08,184.34,41.92,0
1호기,낮,3,27.0,22.1,61.7,73.41,234.28,50.97,0
2호기,밤,7,34.3,22.6,32.0,88.38,181.04,57.97,0
1호기,낮,5,33.6,25.4,71.4,112.48,204.46,38.33,0
1호기,낮,11,34.7,27.6,64.0,96.96,207.33,43.24,0
2호기,밤,4,29.2,23.6,41.4,85.60,180.54,41.19,0
1호기,밤,9,31.4,24.1,65.0,89.82,183.55,39.11,0
1호기,낮,6,25.3,23.5,48.7,83.18,204.56,54.43,0
3호기,낮,2,33.8,24.5,54.2,98.12,234.68,35.32,0
3호기,밤,13,27.3,29.2,41.4,104.78,145.23,38.97,0
1호기,밤,15,26.7,28.3,47.0,84.05,192.33,51.05,0
2호기,낮,8,36.5,27.9,69.0,94.06,226.72,55.34,0
2호기,밤,9,30.4,23.0,45.2,96.00,201.14,38.81,0
3호기,낮,14,35.2,25.4,35.4,95.48,189.24,50.36,0
1호기,밤,15,26.4,22.9,51.2,114.16,208.76,48.07,0
1호기,밤,14,35.2,31.2,49.5,132.35,188.41,53.48,1
1호기,밤,4,19.8,27.6,41.5,85.97,197.17,50.70,0
3호기,밤,9,25.1,24.2,52.1,86.36,219.22,51.69,0
3호기,밤,4,30.3,23.0,54.5,92.22,185.28,53.87,0
1호기,밤,4,39.9,25.1,53.1,87.55,211.72,57.30,0
1호기,밤,16,36.6,25.6,53.3,113.70,195.63,57.00,0
1호기,밤,2,29.9,24.6,46.1,89.25,197.75,45.12,0
3호기,밤,14,30.9,28.3,45.7,94.14,195.21,52.03,0
2호기,밤,8,30.0,26.1,51.7,100.13,221.09,45.26,0
2호기,밤,6,34.7,28.7,53.1,103.35,175.22,49.65,0
2호기,밤,11,28.5,20.3,50.6,115.12,194.58,50.02,0
3호기,밤,4,33.0,25.3,29.8,103.15,196.49,52.26,0
1호기,밤,0,41.2,20.4,50.9,91.73,181.81,53.47,0
3호기,밤,5,27.7,28.5,48.0,96.92,208.17,50.38,0
3호기,밤,3,28.8,20.5,43.1,118.32,192.23,51.82,0
3호기,밤,1,27.7,28.8,43.5,90.44,189.11,47.00,0
2호기,밤,5,28.2,24.7,78.4,107.10,209.85,49.68,0
1호기,밤,10,36.2,29.8,54.7,109.19,214.77,54.90,0
1호기,밤,4,37.1,26.4,53.8,87.70,220.88,57.10,0
1호기,밤,12,35.7,22.1,58.0,95.99,207.87,53.80,0
1호기,낮,10,32.9,23.9,64.1,102.65,185.47,56.10,0
1호기,밤,14,23.9,20.1,58.1,107.71,200.72,53.89,0
3호기,낮,12,38.3,27.7,37.2,107.06,189.51,46.49,0
3호기,낮,13,33.6,20.7,49.5,89.34,188.19,41.84,0
3호기,낮,5,31.6,23.8,35.5,93.81,204.65,47.51,0
1호기,밤,4,31.8,25.5,53.7,102.28,225.91,54.61,0
3호기,밤,13,33.0,23.1,42.1,79.54,176.79,44.66,0
2호기,낮,7,24.6,28.3,59.5,96.38,172.69,48.60,0
3호기,낮,1,,22.8,46.6,90.17,176.30,55.07,0
1호기,낮,6,29.2,25.2,54.1,93.69,218.06,47.67,0
1호기,낮,13,37.5,22.5,41.5,104.99,165.60,45.73,0
2호기,밤,4,24.8,18.3,39.7,106.32,200.78,51.31,0
2호기,밤,7,34.2,22.9,41.8,86.93,223.57,61.14,0
1호기,밤,12,31.2,28.8,35.2,102.87,197.81,53.13,0
1호기,밤,9,33.2,21.8,58.0,103.37,178.61,50.79,0
2호기,낮,4,29.0,20.0,40.2,97.71,224.01,48.66,0
1호기,낮,16,39.7,26.5,30.3,92.06,209.83,42.12,0
3호기,낮,13,35.9,26.0,53.6,91.28,213.80,45.77,0
2호기,밤,4,34.3,26.4,54.6,101.75,192.95,47.65,0
3호기,낮,2,32.6,23.0,50.9,106.22,195.35,54.87,0
2호기,밤,15,30.4,23.0,65.2,104.68,182.57,49.30,0
1호기,낮,14,27.6,27.2,65.6,105.97,196.46,41.34,0
1호기,낮,8,37.1,22.7,35.7,110.19,203.81,54.83,0
3호기,밤,3,35.0,20.6,37.3,101.73,188.75,57.51,0
1호기,낮,0,31.0,22.0,47.3,93.91,144.90,41.83,0
1호기,밤,11,37.0,22.2,55.1,106.61,178.30,51.96,0
3호기,밤,10,22.7,23.1,54.3,102.00,188.41,44.70,0
1호기,낮,1,30.8,24.3,49.2,101.04,178.60,50.74,0
1호기,밤,13,31.2,25.7,51.4,110.07,207.29,49.02,0
3호기,밤,14,28.1,28.4,61.0,91.11,198.26,48.03,0
3호기,밤,,31.8,29.1,57.5,96.28,233.21,59.00,1
2호기,밤,2,32.0,27.6,47.3,88.00,194.42,47.18,0
1호기,밤,6,19.7,27.6,51.6,93.08,197.85,55.87,0
2호기,낮,4,26.9,20.7,51.1,95.12,196.43,57.91,0
2호기,밤,9,26.9,23.6,48.5,98.73,227.32,58.86,0
3호기,밤,11,28.7,27.0,56.9,105.75,234.70,56.53,0
3호기,밤,2,38.4,27.4,40.0,91.26,205.13,48.59,0
1호기,밤,6,31.8,27.4,40.9,120.25,194.40,42.29,0
2호기,밤,12,27.1,26.4,41.9,90.40,176.63,42.10,0
1호기,낮,7,28.5,25.6,54.5,111.65,173.22,46.30,0
1호기,낮,12,43.3,26.4,34.3,86.38,195.24,51.38,0
2호기,낮,15,40.5,27.7,47.6,100.31,202.79,41.82,0
3호기,낮,0,32.2,20.8,58.2,110.61,157.27,55.25,0
2호기,밤,15,28.8,21.5,29.5,109.38,207.02,50.67,0
3호기,낮,10,26.9,24.1,51.0,108.31,212.74,48.38,0
2호기,낮,7,31.3,22.6,57.4,84.35,181.23,47.03,0
2호기,밤,0,31.1,25.3,40.6,99.86,194.44,56.04,0
3호기,밤,7,28.6,25.7,60.4,85.83,227.10,58.06,0
1호기,낮,4,26.0,30.4,62.2,88.80,202.27,49.35,0
3호기,밤,1,26.4,24.7,43.5,104.77,182.77,45.01,0
3호기,낮,12,27.8,25.8,46.2,90.18,203.08,47.51,0
1호기,낮,12,38.3,23.8,35.5,106.74,219.17,53.96,0
2호기,낮,1,31.3,26.8,48.9,90.52,213.54,50.64,0
2호기,밤,15,33.6,25.1,45.7,95.30,170.02,49.10,0
2호기,밤,14,36.1,28.2,62.3,104.72,188.45,54.73,0
3호기,밤,3,24.9,28.3,39.7,92.19,230.56,52.39,0
3호기,낮,6,27.7,26.4,66.4,102.75,210.52,51.56,0
1호기,낮,13,37.9,26.2,26.5,96.60,165.54,51.54,0
1호기,밤,3,25.1,24.7,46.0,88.40,195.92,52.12,0
3호기,낮,6,37.3,21.7,51.9,77.48,173.91,51.46,0
1호기,낮,16,31.1,26.4,38.3,73.81,200.08,51.84,0
3호기,낮,2,30.2,27.7,57.2,87.10,185.97,54.79,0
1호기,밤,15,28.1,24.5,35.7,108.74,221.56,45.96,0
2호기,낮,11,28.4,25.4,57.5,90.23,212.23,37.46,0
2호기,낮,7,24.9,29.5,36.5,99.30,219.97,43.93,0
1호기,밤,16,29.4,31.8,56.9,96.71,208.38,49.96,0
3호기,밤,15,28.8,23.5,47.8,101.40,183.53,45.91,0
3호기,밤,2,39.5,25.3,35.0,92.09,200.30,46.29,0
2호기,밤,13,30.6,26.6,37.1,109.77,175.43,49.86,0
1호기,낮,2,30.2,33.2,46.5,85.95,197.73,48.45,1
3호기,낮,8,40.8,27.3,54.6,98.76,172.21,47.17,0
1호기,낮,10,19.0,24.8,54.9,99.32,170.47,50.14,0
3호기,낮,8,23.2,23.8,45.8,86.48,195.90,54.56,0
1호기,밤,0,15.6,29.9,50.8,97.94,219.64,58.57,0
2호기,밤,5,29.4,25.2,62.8,97.09,192.70,51.36,0
3호기,낮,1,30.1,22.6,45.9,80.90,220.48,53.70,0
2호기,낮,1,30.8,18.9,54.1,107.24,165.45,49.37,0
2호기,낮,12,28.1,25.6,52.5,86.56,184.34,40.68,0
3호기,밤,5,25.7,27.5,57.0,91.90,198.18,43.37,0
1호기,밤,13,31.3,29.1,41.2,91.56,217.57,58.29,0
2호기,밤,6,25.2,26.8,42.9,87.99,214.70,47.84,0
2호기,낮,11,32.1,25.7,28.8,93.31,204.01,55.33,0
2호기,밤,1,27.2,27.5,60.3,105.84,170.93,53.88,0
1호기,낮,5,30.5,25.0,30.4,97.78,210.84,42.51,0
3호기,밤,14,23.4,25.5,58.3,102.06,223.61,54.72,0
2호기,밤,16,34.3,28.7,43.4,103.65,209.17,54.44,0
1호기,낮,8,26.5,23.0,48.3,104.90,196.67,49.15,0
2호기,낮,5,28.5,30.8,48.2,110.93,220.35,51.83,0
2호기,낮,7,23.1,21.9,51.2,111.34,198.93,59.22,0
3호기,밤,12,32.2,21.3,38.7,98.39,178.76,46.10,0
2호기,낮,15,28.2,21.9,73.9,98.95,193.70,44.52,0
1호기,밤,1,27.0,21.7,50.9,96.16,197.83,52.77,0
1호기,밤,10,32.7,26.2,51.0,102.67,222.46,56.06,0
1호기,밤,7,25.7,22.1,45.9,104.66,191.68,51.95,0
3호기,낮,4,23.6,24.6,35.8,97.01,186.60,53.23,0
2호기,낮,1,26.8,24.6,51.3,106.74,177.84,57.76,0
3호기,낮,13,29.0,23.6,20.0,101.90,213.58,47.35,0
3호기,낮,8,32.7,27.8,20.3,91.60,186.13,46.09,0
3호기,밤,7,28.4,26.2,49.8,113.44,206.66,48.60,0
3호기,낮,1,28.5,17.3,55.6,95.21,182.59,43.11,0
1호기,밤,4,42.9,31.8,48.3,99.89,168.34,50.29,0
1호기,낮,3,31.4,32.7,48.4,89.80,213.92,52.17,1
3호기,낮,16,21.7,24.2,43.7,105.90,198.79,51.85,0
1호기,낮,8,22.4,28.6,57.4,86.04,214.86,46.49,0
2호기,밤,12,30.0,21.9,39.5,85.46,167.56,44.89,0
1호기,밤,8,26.2,23.4,45.3,121.25,182.64,50.88,0
1호기,낮,13,36.8,28.4,53.6,86.12,191.60,47.29,0
3호기,낮,0,24.8,25.2,64.5,91.90,205.97,44.05,0
2호기,밤,3,33.5,28.3,47.5,103.58,188.36,43.04,0
3호기,낮,0,37.3,27.8,44.2,109.43,197.58,49.32,0
1호기,밤,7,25.4,22.0,53.1,101.77,198.46,59.42,0
1호기,밤,14,37.1,21.8,48.1,96.27,254.76,52.06,0
2호기,밤,7,35.4,26.1,53.6,99.33,189.85,48.78,0
2호기,밤,16,34.5,27.2,30.0,101.19,176.06,53.07,0
2호기,밤,3,30.2,24.9,63.7,92.86,190.51,47.44,0
1호기,낮,,36.8,22.5,36.0,99.07,211.98,45.61,0
1호기,낮,5,24.5,30.3,62.3,90.49,229.62,44.79,0
2호기,밤,11,29.8,25.2,37.8,100.65,190.26,48.43,0
3호기,낮,14,28.8,28.1,53.1,83.65,217.25,51.88,0
1호기,밤,,35.4,24.7,40.0,111.58,172.38,52.52,0
2호기,낮,10,28.9,28.6,31.1,110.93,161.20,59.71,0
3호기,밤,2,26.3,27.4,50.9,98.05,194.48,54.70,0
2호기,밤,9,26.8,27.0,56.2,102.55,207.31,44.54,0
1호기,밤,9,32.4,27.2,42.9,109.31,225.20,51.35,0
1호기,밤,11,32.4,25.8,56.3,111.50,193.83,48.56,0
1호기,밤,14,29.9,18.9,46.8,96.97,212.70,47.06,0
2호기,낮,11,28.8,23.8,62.5,83.90,196.02,48.30,0
1호기,밤,14,28.7,25.6,48.6,104.02,209.87,49.96,0
3호기,낮,7,32.0,25.5,48.3,108.52,200.05,52.48,0
3호기,밤,6,30.1,23.1,61.5,82.34,213.99,49.87,0
3호기,낮,9,32.4,25.1,68.9,106.98,206.47,51.12,0
2호기,밤,,35.8,21.1,50.3,104.99,220.17,54.45,0
1호기,낮,16,,25.6,45.4,95.44,208.39,47.80,0
1호기,밤,13,32.3,25.4,51.3,94.46,190.25,42.76,0
1호기,밤,10,21.5,29.0,49.3,104.34,189.38,45.23,0
3호기,낮,14,28.7,20.8,55.3,106.22,176.73,58.75,0
1호기,밤,7,39.3,21.3,55.7,100.97,203.66,46.29,0
1호기,낮,5,32.7,28.3,65.2,100.60,193.47,47.64,0
2호기,밤,10,32.5,29.1,38.6,94.68,193.71,49.72,0
1호기,밤,9,39.8,21.1,58.9,95.52,246.88,52.29,0
3호기,밤,0,38.3,21.6,73.4,84.89,194.91,47.29,0
2호기,밤,1,37.9,25.1,35.9,91.18,200.57,54.57,0
3호기,밤,1,28.2,25.4,56.8,66.03,191.67,51.00,0
2호기,낮,0,32.3,21.0,40.5,106.19,183.83,47.45,0
3호기,낮,5,31.1,21.9,40.8,104.53,234.09,51.74,0
3호기,밤,6,30.0,22.2,42.7,91.25,190.93,48.55,0
3호기,밤,14,28.0,28.5,55.0,82.55,226.33,38.75,0
1호기,낮,3,32.2,24.6,64.0,94.59,212.33,55.60,0
3호기,낮,7,31.8,34.1,51.6,109.83,180.72,51.28,1
2호기,밤,10,25.6,27.3,53.8,106.09,179.71,43.53,0
2호기,낮,0,28.5,27.0,59.0,112.51,201.47,52.74,0
1호기,낮,15,35.6,28.8,49.9,115.85,219.24,39.67,0
2호기,낮,11,27.9,25.6,45.0,74.77,230.20,51.02,0
1호기,낮,9,30.7,26.6,48.9,91.88,197.21,53.47,0
3호기,낮,12,25.7,22.6,34.9,99.22,201.59,53.99,0
2호기,밤,15,29.6,28.5,55.1,91.13,207.53,54.02,0
1호기,밤,7,28.1,28.5,44.2,100.31,187.85,45.53,0
3호기,낮,14,31.8,23.7,70.2,100.35,213.59,47.83,0
2호기,낮,9,28.0,27.5,56.7,104.13,173.27,54.20,0
2호기,낮,7,33.4,21.1,52.1,91.48,173.51,51.24,0
1호기,낮,1,35.3,22.9,50.0,115.96,199.44,46.32,0
1호기,밤,15,19.1,23.8,41.2,108.76,177.06,55.48,0
1호기,밤,3,31.9,25.2,43.5,90.64,197.74,42.40,0
2호기,밤,8,37.2,28.6,67.3,98.34,212.17,45.54,0
1호기,밤,4,28.3,23.5,47.6,104.84,190.63,55.01,0
1호기,밤,2,32.5,23.9,66.9,83.83,198.09,52.29,0
3호기,밤,10,38.3,23.7,60.8,89.13,173.01,54.38,0
3호기,낮,5,43.3,29.1,61.8,99.65,236.18,42.21,0
2호기,밤,14,33.2,27.1,62.5,93.45,217.19,56.32,0
2호기,낮,13,27.5,28.0,52.1,99.07,191.64,47.02,0
3호기,낮,7,28.0,25.5,64.2,95.33,227.48,52.86,0
3호기,낮,6,31.8,20.4,52.4,92.73,185.57,48.94,0
3호기,낮,0,32.2,23.3,58.0,96.10,207.81,43.83,0
2호기,밤,16,22.2,29.0,50.7,109.44,207.32,40.19,0
1호기,밤,1,29.0,26.2,52.6,93.31,175.36,47.35,0
2호기,낮,7,31.3,22.5,45.2,95.24,225.70,47.43,0
1호기,낮,2,26.5,28.6,40.7,97.50,190.17,53.82,0
2호기,낮,15,31.4,22.5,64.1,105.06,216.88,55.96,0
3호기,밤,0,24.7,28.2,40.7,99.34,196.72,53.28,0
1호기,밤,9,38.8,24.8,65.4,100.55,209.93,48.60,0
1호기,낮,3,33.9,28.6,55.8,101.56,190.09,58.79,0
1호기,낮,13,21.2,23.2,27.7,104.35,217.42,47.85,0
2호기,낮,3,27.0,27.6,51.9,109.40,256.85,46.98,0
2호기,밤,,25.7,20.7,55.5,114.04,209.02,53.96,0
3호기,밤,7,34.0,28.4,55.6,100.56,222.33,45.14,0
2호기,낮,9,32.6,22.3,44.0,94.36,197.22,37.93,0
3호기,낮,16,34.6,20.5,50.5,110.01,204.05,43.21,0
3호기,낮,0,29.7,23.3,49.0,99.80,220.96,48.61,0
1호기,낮,2,31.2,20.2,55.3,92.56,207.33,43.49,0
1호기,밤,12,35.1,23.8,50.3,105.18,204.45,45.88,0
1호기,낮,15,29.5,32.8,55.0,96.03,204.68,47.96,0
2호기,밤,5,21.5,27.6,47.4,87.56,190.48,48.35,0
2호기,밤,8,37.5,24.7,60.0,103.30,211.42,56.48,0
1호기,밤,10,26.8,22.4,54.8,84.06,188.82,48.96,0
2호기,밤,9,18.9,22.9,45.1,97.36,202.83,50.29,0
2호기,낮,1,26.0,26.6,46.6,100.60,191.90,48.54,0
1호기,밤,4,31.4,27.6,41.0,96.39,180.69,49.94,0
1호기,밤,15,29.4,29.7,70.7,77.64,211.52,46.19,0
2호기,낮,13,28.6,21.9,48.6,104.55,213.59,39.90,0
1호기,밤,3,28.3,21.9,51.5,89.09,172.49,43.42,0
2호기,낮,4,35.0,24.2,52.1,110.37,206.55,51.14,0
1호기,낮,2,28.0,26.9,67.7,97.45,189.06,54.00,0
1호기,밤,1,30.5,26.2,39.2,87.99,205.70,54.71,0
1호기,낮,6,32.1,27.4,54.4,91.06,187.26,45.77,0
1호기,낮,11,30.2,22.9,43.7,103.75,174.52,53.93,0
1호기,낮,0,26.3,24.4,46.7,102.92,185.45,45.51,0
1호기,낮,7,34.2,29.4,61.3,87.60,185.31,48.69,0
2호기,밤,13,24.5,23.1,30.8,101.32,159.50,37.13,0
3호기,밤,14,34.8,22.9,39.3,115.13,179.70,51.30,0
1호기,밤,3,32.4,24.4,58.6,113.36,164.43,55.90,0
2호기,밤,3,30.9,25.4,41.1,116.24,174.17,46.22,0
1호기,밤,4,24.3,24.9,45.4,91.11,208.06,48.92,0
2호기,밤,7,34.3,20.8,42.1,105.18,187.38,56.81,0
1호기,낮,1,,26.3,53.7,87.32,187.65,56.79,0
3호기,낮,6,44.0,22.9,40.8,111.09,229.52,51.53,0
1호기,밤,8,32.9,23.7,35.3,118.27,196.10,49.29,0
3호기,밤,8,29.2,24.1,53.5,88.97,202.55,49.86,0
3호기,낮,,23.4,24.6,37.6,85.68,178.35,49.07,0
2호기,밤,12,27.1,24.4,52.9,107.63,224.86,50.25,0
1호기,밤,4,35.6,21.9,62.8,100.10,215.97,56.17,0
1호기,낮,15,30.0,28.9,57.8,106.81,191.47,47.81,0
3호기,낮,1,27.2,27.4,47.2,81.29,200.37,51.62,0
2호기,밤,1,26.6,24.1,49.4,107.34,239.38,45.29,0
1호기,낮,4,27.0,27.7,45.3,108.67,223.67,56.42,0
3호기,낮,1,27.8,21.8,46.9,115.14,204.47,46.39,0
1호기,낮,8,33.9,25.8,60.8,118.68,222.69,50.53,0
2호기,낮,5,28.5,22.7,51.5,93.38,182.10,44.12,0
1호기,밤,15,28.3,26.0,44.8,90.43,219.21,47.22,0
2호기,밤,0,25.9,23.9,52.7,113.97,195.29,45.78,0
3호기,밤,1,28.5,28.2,50.9,94.26,180.62,46.91,0
1호기,밤,6,28.9,25.8,35.8,96.14,236.13,48.07,0
1호기,밤,6,30.2,23.3,37.7,113.82,201.21,44.30,0
2호기,밤,11,31.6,23.1,62.6,83.94,212.32,48.91,0
3호기,낮,3,38.2,22.6,41.1,90.59,202.24,50.46,0
1호기,밤,0,34.9,24.9,45.6,108.50,212.68,53.25,0
2호기,밤,16,30.2,26.4,74.0,90.72,165.09,47.90,0
3호기,낮,11,37.0,28.2,40.1,97.40,194.38,52.08,0
1호기,밤,9,21.4,29.2,40.7,97.72,178.06,42.39,0
2호기,밤,4,32.1,25.7,45.1,92.37,166.13,40.44,0
2호기,밤,11,26.0,23.1,54.1,85.53,197.37,49.78,0
1호기,낮,15,35.7,23.9,71.2,86.68,170.39,43.75,0
1호기,밤,9,21.4,26.2,59.8,98.74,158.32,51.46,0
1호기,낮,12,28.9,27.9,35.9,111.67,196.09,49.38,0
3호기,낮,16,,26.3,62.0,91.92,171.52,39.11,0
2호기,밤,11,33.8,22.5,82.3,106.25,210.50,46.04,0
1호기,밤,7,31.6,27.8,53.8,110.93,178.06,45.75,0
1호기,낮,,26.2,19.4,51.6,99.41,183.73,53.75,0
3호기,낮,13,31.3,22.1,62.0,100.41,207.50,48.13,0
2호기,낮,11,36.9,23.3,65.0,95.13,223.90,46.55,0
3호기,밤,16,28.1,27.8,54.6,102.80,167.47,54.43,0
1호기,낮,6,29.2,17.0,48.5,113.49,173.84,52.32,0
3호기,밤,10,34.9,22.9,41.9,90.26,217.02,37.59,0
2호기,낮,3,,29.1,58.0,111.65,196.01,51.61,0
3호기,밤,15,30.8,19.4,51.8,98.31,214.15,46.06,0
3호기,밤,13,30.9,26.4,60.3,98.03,187.93,45.02,0
1호기,낮,4,34.2,25.0,43.1,93.71,208.29,51.52,0
1호기,밤,13,28.1,18.0,47.7,119.57,208.36,49.80,0
3호기,밤,5,35.4,24.7,51.3,112.34,201.22,41.17,0
3호기,낮,5,39.7,26.3,56.5,108.54,182.35,46.79,0
1호기,밤,14,24.9,26.0,55.0,105.97,222.27,51.35,0
2호기,낮,8,29.2,21.9,47.3,88.61,175.83,50.00,0
1호기,낮,0,29.7,29.8,72.3,101.80,224.43,46.22,0
1호기,낮,2,35.5,21.0,55.3,101.04,174.52,50.94,0
2호기,낮,9,31.3,30.4,57.6,114.14,186.57,41.60,0
2호기,낮,7,31.3,27.0,43.9,109.87,242.65,58.00,0
3호기,낮,4,32.7,27.9,57.8,110.48,221.47,47.54,0
1호기,낮,13,33.9,23.9,45.7,106.00,182.69,50.03,0
3호기,밤,4,31.6,20.0,51.5,104.13,200.48,51.39,0
3호기,밤,8,31.4,24.0,53.3,77.79,193.16,47.45,0
3호기,낮,12,,23.1,53.1,101.02,257.27,43.40,0
3호기,낮,7,25.1,21.5,40.2,85.70,182.16,58.77,0
2호기,낮,0,,27.5,36.0,102.75,153.16,50.46,0
3호기,낮,4,21.6,19.1,52.4,78.73,188.43,53.44,0
2호기,밤,5,38.7,20.8,23.8,109.48,229.30,51.26,0
2호기,낮,6,27.0,24.0,36.3,108.83,220.55,37.76,0
1호기,낮,11,33.8,33.6,48.5,97.71,231.35,40.66,0
1호기,낮,3,29.3,25.4,51.5,84.79,194.51,50.73,0
1호기,낮,11,26.2,24.6,62.9,113.87,167.72,49.54,0
1호기,낮,1,27.1,21.3,60.6,104.22,188.42,51.06,0
1호기,밤,13,29.5,23.0,64.2,91.26,217.84,54.74,0
2호기,낮,1,32.4,25.5,50.1,118.81,196.37,48.62,0
2호기,밤,14,22.4,24.1,55.7,109.90,181.62,52.74,0
1호기,낮,7,33.5,22.8,58.6,101.07,181.50,52.73,0
3호기,밤,9,28.6,30.0,44.2,93.55,206.73,44.57,0
3호기,낮,,27.6,25.3,42.0,115.12,194.68,45.57,0
1호기,밤,,25.0,30.7,58.9,99.08,177.76,44.95,0
3호기,밤,7,32.5,29.7,44.3,110.75,201.93,49.97,0
2호기,낮,8,32.8,26.7,63.9,100.70,178.00,48.37,0
1호기,낮,1,37.4,23.6,42.4,105.34,219.81,49.41,0
3호기,밤,,26.8,24.7,60.6,110.93,190.68,47.16,0
1호기,밤,16,30.4,26.9,38.3,114.97,190.67,54.27,0
1호기,낮,10,28.2,28.3,45.0,102.32,233.95,48.65,0
2호기,낮,16,33.0,26.9,30.3,96.41,196.20,50.82,0
3호기,밤,7,34.8,24.8,55.4,96.88,214.02,55.75,0
1호기,밤,13,28.0,22.1,49.5,109.27,214.81,45.31,0
3호기,밤,9,32.6,21.8,55.3,97.79,206.01,52.85,0
2호기,낮,7,35.9,23.3,46.6,92.16,208.31,54.02,0
1호기,낮,12,37.2,27.9,64.3,109.18,199.20,52.44,0
3호기,밤,12,30.8,27.9,61.2,104.28,183.41,54.89,0
1호기,낮,16,26.0,19.5,28.2,104.40,210.20,51.93,0
